row,col,weight
0,1,1.2292
0,3,8.39
0,8,11.851
0,9,7.8301
0,10,9.9286
0,11,13.5871
0,12,13.632
0,14,13.0699
0,16,5.9048
0,17,1.261
0,18,13.9419
0,19,12.6476
0,20,3.515
0,21,12.5138
0,22,10.2804
0,23,8.218
0,24,2.8679
0,25,7.2032
0,26,13.7331
0,29,10.4293
0,31,1.819
0,32,1.3216
0,33,11.4312
0,35,2.9487
0,36,3.0222
0,37,6.2299
0,39,8.1927
0,40,7.5667
0,42,10.7345
0,46,7.3477
0,47,3.1959
0,48,8.9439
0,51,12.1745
0,52,8.6284
0,54,9.7299
0,55,9.0734
0,56,7.1394
0,58,2.7027
0,59,5.5282
0,60,13.1339
0,61,3.7688
0,63,7.4911
0,65,11.2255
0,66,7.758
0,67,11.2537
0,68,5.626
0,71,1.269
0,72,4.5598
0,78,8.2835
0,79,7.1601
0,81,2.5978
0,83,1.126
0,86,6.6972
0,90,12.5344
0,91,7.4023
0,92,1.9048
0,93,5.6291
0,96,5.1046
0,99,13.9303
0,100,9.7683
0,102,8.0683
0,103,12.1137
0,105,1.3488
0,107,9.042
0,109,3.5151
0,110,7.8565
0,111,9.4753
0,114,7.6194
0,115,2.6629
0,116,11.8439
0,117,9.9547
0,119,2.6587
0,124,5.5343
0,126,11.5379
0,127,12.18
0,128,10.1763
0,129,13.8774
0,130,3.4758
0,131,1.5514
0,133,6.0828
0,134,9.7735
0,135,13.8499
0,136,11.9324
0,137,1.9792
0,139,10.8884
0,140,1.2054
0,141,5.1881
0,142,13.8181
0,146,4.2416
0,147,11.9205
0,152,5.0086
0,155,6.0193
0,157,2.2531
0,158,13.3561
0,159,8.4133
1,4,5.773
1,8,8.5867
1,10,13.1411
1,12,11.7572
1,15,3.8929
1,16,3.9053
1,23,8.7092
1,29,5.7238
1,30,6.374
1,31,6.7535
1,32,9.8113
1,36,13.8135
1,39,5.9843
1,41,9.6544
1,44,8.2241
1,53,3.2956
1,60,11.2242
1,65,10.9328
1,72,9.3432
1,73,8.1678
1,78,10.2425
1,80,11.9785
1,81,10.5992
1,85,11.237
1,89,12.0849
1,93,4.5283
1,103,8.8142
1,104,12.9792
1,106,7.6344
1,113,9.6978
1,114,8.4217
1,119,10.4306
1,120,11.4505
1,125,9.7484
1,135,4.3384
1,136,5.7864
1,143,1.0295
1,150,2.9987
1,155,8.0175
2,6,2.7427
2,8,1.6207
2,11,11.4847
2,12,6.5774
2,13,8.3591
2,15,8.1575
2,16,4.8391
2,17,3.1306
2,18,7.2078
2,19,1.446
2,23,2.5863
2,24,8.4194
2,26,13.8095
2,27,11.9258
2,28,12.0085
2,31,6.294
2,34,4.1469
2,35,9.1418
2,36,9.5789
2,37,3.7078
2,38,3.644
2,40,5.7133
2,43,1.2906
2,44,1.6064
2,46,1.2
2,48,6.2561
2,49,10.9262
2,50,3.9784
2,51,5.5179
2,52,8.1175
2,53,1.0982
2,57,11.6133
2,58,8.2744
2,59,11.3477
2,62,9.7145
2,63,3.1236
2,64,4.9498
2,67,11.3442
2,71,1.7151
2,72,11.1664
2,73,13.798
2,74,7.5042
2,75,7.6592
2,77,1.6398
2,78,13.5174
2,80,13.3151
2,81,10.5265
2,82,9.8281
2,83,5.213
2,86,12.327
2,87,10.1629
2,91,8.2726
2,93,7.3541
2,96,4.5003
2,97,11.7107
2,98,2.5037
2,100,3.559
2,101,3.4708
2,103,12.3876
2,105,6.2552
2,106,12.7686
2,107,12.0734
2,108,6.7181
2,111,10.3169
2,114,9.2346
2,115,9.0902
2,117,10.8594
2,118,4.312
2,119,7.4004
2,120,2.8007
2,122,10.2008
2,123,12.0791
2,124,1.6925
2,125,4.7048
2,131,8.5362
2,132,8.322
2,133,8.6849
2,134,8.1952
2,136,6.1384
2,138,7.5228
2,143,5.7856
2,144,1.0906
2,145,8.1712
2,151,6.7976
2,154,4.4119
2,155,11.1977
2,157,13.4704
3,15,1.3931
3,17,11.7524
3,18,6.0489
3,19,7.2457
3,24,5.4082
3,25,4.4683
3,27,2.7119
3,36,8.379
3,39,13.2506
3,40,5.6761
3,41,11.8012
3,45,7.7834
3,47,3.7906
3,53,9.7878
3,60,8.9728
3,62,9.635
3,63,1.7192
3,77,4.4805
3,81,8.3055
3,82,4.6177
3,84,11.7825
3,89,9.3654
3,96,1.3974
3,100,10.9813
3,103,10.1982
3,104,2.6921
3,105,11.4265
3,107,6.0263
3,127,1.2519
3,130,6.9777
3,132,7.4972
3,137,11.9846
3,141,11.7902
3,144,6.599
3,145,4.3913
3,147,12.9986
3,148,1.502
3,149,7.5207
3,150,5.2448
3,155,5.8719
4,10,6.6421
4,16,7.4362
4,27,13.4037
4,29,2.9153
4,30,13.6783
4,35,7.5395
4,39,9.1671
4,40,7.675
4,41,2.3359
4,50,13.909
4,69,12.6024
4,76,11.7078
4,84,10.4055
4,98,10.9608
4,101,9.6137
4,103,10.9722
4,109,10.8613
4,110,6.7994
4,112,5.7929
4,115,6.5032
4,121,8.391
4,126,6.988
4,130,1.5982
4,133,10.3888
4,136,8.0119
4,146,5.2534
4,148,6.1077
4,155,6.7638
5,7,12.1638
5,9,12.2887
5,12,10.9039
5,13,6.2885
5,14,3.8398
5,17,2.1323
5,19,6.8095
5,20,7.8196
5,21,12.3541
5,22,13.9043
5,23,11.2804
5,24,3.886
5,25,5.6582
5,26,3.7154
5,30,12.2605
5,31,11.0584
5,33,6.0783
5,36,10.6534
5,37,7.5628
5,39,10.7447
5,40,1.1272
5,41,9.3279
5,42,1.782
5,43,12.0175
5,44,7.2777
5,45,12.9504
5,46,13.4987
5,47,1.9342
5,50,6.0925
5,51,5.4726
5,52,13.0429
5,53,12.3625
5,55,3.0987
5,56,13.3662
5,59,9.9463
5,60,2.1127
5,61,7.3612
5,62,12.3252
5,63,8.0773
5,64,3.5608
5,65,1.2905
5,66,11.9963
5,67,8.7096
5,68,2.1083
5,69,12.789
5,70,4.3239
5,72,13.5625
5,73,12.3023
5,74,10.0168
5,75,4.5041
5,77,6.1763
5,78,4.9115
5,79,2.7118
5,80,7.7927
5,81,12.9485
5,83,11.4369
5,85,1.5014
5,87,13.338
5,88,8.175
5,90,4.6091
5,92,11.9853
5,93,3.7569
5,94,9.4169
5,95,1.9086
5,96,12.5342
5,97,13.9196
5,98,5.2792
5,99,4.9711
5,100,2.0445
5,101,2.8952
5,102,2.1226
5,103,10.0015
5,106,13.5
5,107,5.9608
5,109,1.9488
5,110,3.757
5,111,12.4945
5,112,13.4431
5,115,2.8618
5,117,3.3469
5,119,12.5666
5,121,13.8292
5,123,9.6485
5,125,8.6342
5,126,2.5142
5,127,4.579
5,128,3.9909
5,130,8.879
5,132,8.5661
5,133,10.5224
5,134,10.7611
5,135,11.9327
5,136,4.5146
5,137,13.1892
5,138,7.7086
5,139,9.0717
5,140,2.9774
5,141,4.4822
5,142,11.9877
5,143,2.2621
5,144,11.7143
5,147,12.2482
5,148,5.5132
5,149,4.2701
5,150,7.1771
5,153,9.2589
5,156,2.9392
5,157,4.3144
6,10,12.5237
6,12,6.3344
6,13,1.7241
6,14,1.5369
6,15,13.7248
6,16,1.6633
6,20,11.6085
6,21,7.6376
6,22,6.8699
6,24,3.08
6,25,7.2499
6,26,10.035
6,27,11.8151
6,28,2.8492
6,29,10.2975
6,31,10.2361
6,32,5.9618
6,33,1.6024
6,34,9.5639
6,35,1.9404
6,37,9.271
6,39,4.2983
6,40,8.1979
6,42,12.9542
6,43,10.0157
6,45,3.9018
6,47,13.7952
6,48,3.459
6,50,9.6993
6,52,9.0703
6,53,5.9087
6,54,3.5003
6,55,8.4392
6,57,7.1172
6,62,9.6562
6,64,3.4999
6,65,13.2065
6,66,9.0744
6,70,5.399
6,71,2.5343
6,75,3.9362
6,76,4.2514
6,77,10.4996
6,78,6.9913
6,79,6.7692
6,80,12.6756
6,81,1.3347
6,82,1.8619
6,84,7.7496
6,86,10.7091
6,87,9.3231
6,88,3.6958
6,89,7.0246
6,90,12.4434
6,91,9.8454
6,94,7.5997
6,95,4.4949
6,96,11.5547
6,97,3.8996
6,98,13.1207
6,99,12.4859
6,100,6.9758
6,101,7.6029
6,102,6.9108
6,103,6.0414
6,105,12.9377
6,106,8.733
6,107,2.3402
6,108,11.1718
6,109,5.2304
6,110,6.2987
6,111,6.7777
6,113,4.9335
6,114,12.9408
6,115,6.3892
6,117,10.9741
6,118,5.2262
6,120,11.8494
6,126,12.5243
6,127,10.8573
6,128,5.3504
6,129,2.769
6,131,9.2053
6,136,12.1139
6,139,13.9847
6,141,8.395
6,142,12.0126
6,143,6.4139
6,145,5.432
6,147,4.3059
6,149,5.1422
6,150,13.9101
6,151,9.2504
6,154,11.8715
6,157,4.5738
6,159,2.9452
7,8,7.4725
7,10,11.6394
7,11,5.6541
7,12,13.9347
7,13,8.4684
7,16,9.9361
7,19,2.4338
7,20,8.6293
7,22,7.5048
7,23,10.5433
7,27,11.6043
7,29,1.7276
7,31,11.4731
7,32,13.8882
7,35,10.4856
7,36,2.1574
7,38,1.594
7,39,9.5571
7,41,13.4752
7,43,12.4044
7,45,9.8668
7,46,10.2414
7,48,3.7054
7,49,2.1616
7,52,7.0985
7,55,10.234
7,56,4.9509
7,57,10.2511
7,59,7.9091
7,60,5.5263
7,62,6.1994
7,65,8.6546
7,67,3.7638
7,68,2.5725
7,69,10.1965
7,70,1.833
7,73,2.9475
7,74,9.9426
7,76,5.4261
7,79,3.4183
7,80,11.7572
7,81,1.2416
7,82,6.3951
7,83,11.3733
7,84,1.1886
7,85,2.062
7,86,2.1726
7,87,2.5009
7,88,6.145
7,89,1.4934
7,90,8.978
7,92,3.5651
7,93,5.8619
7,96,6.9821
7,97,9.417
7,98,6.3857
7,100,5.5881
7,101,7.1124
7,102,10.3313
7,103,9.8046
7,104,9.8439
7,106,9.8154
7,107,2.7211
7,109,10.9463
7,110,5.7503
7,113,1.8076
7,114,3.0183
7,115,1.3586
7,117,4.2011
7,120,4.6139
7,121,3.9649
7,124,4.8703
7,125,6.6679
7,128,12.1333
7,132,11.088
7,134,9.5865
7,137,4.523
7,138,6.9725
7,139,11.9492
7,141,8.4188
7,142,12.319
7,143,13.5607
7,144,6.8656
7,145,8.0729
7,148,5.8539
7,149,4.7015
7,150,6.5718
7,153,6.1263
7,154,13.66
7,156,7.9605
7,157,12.2073
8,9,5.4647
8,13,3.443
8,14,1.1129
8,15,7.832
8,16,1.6969
8,18,6.1637
8,19,5.2148
8,22,10.4154
8,23,10.292
8,26,1.6003
8,27,11.924
8,29,13.5275
8,30,6.7313
8,31,10.6677
8,32,7.706
8,35,4.4815
8,36,4.8369
8,39,13.0149
8,40,4.5365
8,41,11.9483
8,43,5.8934
8,44,4.4198
8,49,13.2599
8,51,3.3619
8,53,10.132
8,54,3.9899
8,55,3.5444
8,56,8.7033
8,57,13.0835
8,58,1.3882
8,59,2.3687
8,61,12.377
8,65,8.4364
8,69,8.9579
8,70,5.864
8,73,5.653
8,76,9.0922
8,79,4.4044
8,80,10.5648
8,82,4.1261
8,85,12.3525
8,86,4.2644
8,88,5.714
8,89,12.4858
8,91,12.4175
8,94,3.7207
8,97,11.6167
8,102,12.2636
8,103,13.7139
8,104,4.844
8,105,13.8034
8,106,5.1481
8,107,2.0993
8,109,7.9201
8,110,10.8942
8,111,7.3562
8,112,13.2949
8,113,11.1248
8,116,9.4316
8,117,7.6592
8,119,9.1589
8,120,13.2893
8,121,12.4347
8,124,9.4856
8,126,5.9845
8,127,13.0653
8,128,7.0792
8,129,2.339
8,130,3.9113
8,133,9.9835
8,135,11.1675
8,137,5.1014
8,138,2.959
8,139,6.8543
8,141,6.4383
8,142,1.2231
8,146,3.9593
8,147,5.9142
8,148,5.5444
8,149,1.4377
8,150,10.4861
8,151,12.8752
8,152,11.3262
8,153,6.9847
8,154,12.7757
8,157,10.9481
9,10,8.591
9,11,9.4566
9,12,5.9628
9,13,3.8518
9,14,5.1732
9,15,8.2193
9,18,3.3391
9,19,1.2744
9,20,11.1657
9,21,11.5633
9,23,11.0153
9,28,10.4826
9,29,8.608
9,32,11.8998
9,34,1.5145
9,35,13.8996
9,36,8.7357
9,40,4.4679
9,41,8.1108
9,42,2.9739
9,43,7.3412
9,44,2.8583
9,45,4.7144
9,47,13.2113
9,48,13.023
9,49,1.022
9,50,2.4406
9,53,4.9889
9,55,3.8588
9,56,1.7297
9,57,9.9407
9,58,12.7721
9,61,5.0169
9,62,11.2937
9,63,8.2103
9,64,10.591
9,65,4.5891
9,66,13.9969
9,67,3.0871
9,68,9.509
9,69,12.5202
9,72,3.8275
9,74,7.579
9,76,8.8762
9,77,12.4398
9,78,7.2488
9,80,3.2844
9,82,6.2458
9,85,13.0159
9,86,1.5059
9,87,5.0344
9,88,2.9154
9,89,6.2488
9,90,10.1492
9,91,10.3627
9,92,2.0555
9,94,13.9363
9,96,7.3242
9,97,10.3968
9,98,2.3425
9,99,7.6812
9,100,3.3698
9,102,3.6522
9,103,8.1657
9,105,5.9155
9,106,2.1363
9,108,11.8545
9,109,6.8667
9,110,13.2572
9,111,9.5433
9,113,12.5235
9,114,8.9309
9,115,2.2664
9,116,6.5921
9,118,13.0974
9,119,8.1294
9,120,1.3118
9,122,7.8872
9,123,10.6653
9,124,1.5477
9,125,7.5646
9,126,9.2762
9,127,13.4137
9,128,10.1823
9,129,5.9599
9,131,12.2917
9,132,2.5038
9,133,7.5878
9,134,3.8385
9,138,2.2072
9,140,11.0792
9,141,10.194
9,142,12.4173
9,143,5.8578
9,145,3.2363
9,146,10.0176
9,147,10.4538
9,148,13.4383
9,149,6.4644
9,151,7.3115
9,152,6.143
9,154,5.7083
9,155,4.5298
9,157,3.5556
9,158,6.168
9,159,3.2889
10,11,5.1114
10,12,2.9019
10,15,7.3742
10,17,13.5495
10,21,9.9471
10,24,4.6343
10,26,13.6728
10,31,1.3293
10,33,6.2279
10,35,10.7365
10,36,2.6546
10,37,10.0144
10,38,7.7739
10,40,7.535
10,41,13.5683
10,42,6.9295
10,43,6.0487
10,45,5.714
10,47,10.8275
10,48,13.4347
10,49,1.9816
10,50,9.6283
10,52,9.2421
10,54,5.8293
10,55,3.3328
10,56,10.4465
10,57,13.4883
10,58,13.2779
10,60,2.7918
10,63,10.6747
10,70,13.0478
10,72,10.2147
10,73,1.813
10,74,11.1119
10,75,3.7367
10,78,2.0911
10,80,13.4869
10,82,10.4515
10,86,1.8547
10,88,11.6201
10,90,2.7146
10,92,12.1565
10,93,13.8456
10,94,8.4453
10,95,2.7259
10,97,7.9608
10,102,11.4049
10,103,8.9858
10,104,11.9415
10,105,7.6779
10,106,8.3047
10,109,9.1828
10,110,10.946
10,114,2.4501
10,118,1.636
10,119,11.8426
10,120,7.0391
10,122,12.4432
10,123,2.4234
10,124,9.8216
10,126,9.2058
10,127,7.4003
10,128,8.3563
10,130,4.8529
10,133,11.3226
10,134,8.0768
10,135,1.9334
10,138,1.8465
10,140,13.892
10,145,13.2665
10,148,11.7952
10,149,6.3189
10,151,1.0398
10,152,5.5377
10,153,6.5167
10,155,13.337
10,157,7.3376
12,16,6.6045
12,18,11.5177
12,21,3.1285
12,24,2.8506
12,25,7.0863
12,26,13.2501
12,28,11.9105
12,29,2.0528
12,30,3.5513
12,34,13.6641
12,35,13.1475
12,40,2.394
12,42,12.2798
12,46,10.1461
12,47,5.691
12,49,7.1151
12,52,12.4901
12,53,13.2875
12,55,9.1779
12,58,8.0329
12,61,2.0719
12,66,13.0092
12,67,13.253
12,69,11.4889
12,70,2.9698
12,74,13.8605
12,76,13.0005
12,80,9.8638
12,82,3.242
12,83,11.8852
12,89,1.0278
12,94,3.6584
12,97,5.837
12,98,10.0425
12,102,2.4254
12,103,1.1027
12,104,8.5347
12,106,1.762
12,114,3.5037
12,118,6.3978
12,123,1.3182
12,126,2.6012
12,128,12.3525
12,130,9.3323
12,139,3.6964
12,140,8.9354
12,141,12.2954
12,142,2.8078
12,144,9.5678
12,145,4.1962
12,152,13.1305
12,156,2.6888
13,14,4.4795
13,16,6.9316
13,17,4.2528
13,18,4.1244
13,24,1.2257
13,27,8.0924
13,30,11.7577
13,31,9.2283
13,32,10.8372
13,33,13.6976
13,34,12.8025
13,35,3.3111
13,38,1.2748
13,39,2.6667
13,41,5.9719
13,46,4.0736
13,48,8.2003
13,50,11.2975
13,51,5.5418
13,52,10.0385
13,54,10.9586
13,55,8.4786
13,59,6.082
13,60,3.7585
13,61,13.9094
13,63,9.1421
13,71,8.2994
13,72,3.473
13,77,11.5558
13,78,3.9448
13,82,11.3249
13,84,1.2083
13,85,13.4234
13,86,13.0536
13,87,1.5794
13,92,9.2915
13,95,6.6498
13,97,9.7794
13,98,9.4424
13,99,6.5909
13,100,13.5525
13,103,12.2918
13,104,12.1407
13,105,8.6702
13,108,6.0013
13,109,13.1225
13,110,7.2987
13,112,13.7856
13,114,11.8707
13,116,7.2777
13,117,10.7146
13,118,9.8894
13,125,9.89
13,126,6.3705
13,127,12.3039
13,132,10.6497
13,133,2.6488
13,134,3.59
13,136,4.6974
13,137,4.9342
13,138,11.678
13,140,1.2985
13,141,4.0244
13,146,11.1895
13,147,5.8536
13,149,9.8823
13,151,4.2086
13,153,3.1615
13,154,12.1993
13,155,7.7928
13,157,10.914
14,16,4.1654
14,20,13.4387
14,21,7.2879
14,23,11.0624
14,24,8.4875
14,25,8.4037
14,26,9.3898
14,27,3.7058
14,28,9.5441
14,29,12.3735
14,30,5.0286
14,31,2.0235
14,32,3.807
14,33,12.2621
14,35,5.6402
14,37,4.5628
14,38,3.918
14,39,3.7554
14,41,10.5081
14,43,2.3666
14,44,1.5595
14,45,9.1115
14,46,5.4931
14,47,13.5165
14,50,10.9736
14,51,13.5092
14,52,8.7253
14,53,11.1152
14,54,11.0072
14,55,13.3104
14,57,3.9142
14,58,11.696
14,59,8.6561
14,60,4.6835
14,61,5.5162
14,62,13.8606
14,63,3.4785
14,64,13.7377
14,65,8.6334
14,67,10.5142
14,68,11.303
14,69,13.6913
14,71,10.0769
14,72,12.1089
14,73,5.0078
14,74,5.7709
14,75,4.9367
14,76,12.5075
14,78,6.8891
14,79,6.0021
14,80,3.4956
14,82,4.6697
14,83,7.179
14,85,2.5616
14,87,7.6058
14,88,3.6407
14,89,2.1002
14,90,1.3926
14,91,1.989
14,92,5.8393
14,93,3.6129
14,94,10.7553
14,95,2.8678
14,96,5.9927
14,97,3.5287
14,99,12.381
14,101,6.6091
14,102,9.1169
14,104,6.9042
14,106,7.0055
14,108,3.315
14,109,4.1294
14,111,11.7284
14,112,12.3204
14,113,8.3562
14,114,7.0035
14,117,13.3593
14,118,12.2827
14,120,2.4824
14,121,13.9935
14,122,2.1609
14,123,1.1241
14,127,10.8382
14,129,6.0852
14,130,11.098
14,131,6.0241
14,133,3.8828
14,135,6.2019
14,136,6.9689
14,137,5.2632
14,138,13.7396
14,139,6.6182
14,141,3.3337
14,142,13.8509
14,145,9.6155
14,146,11.4862
14,147,12.1426
14,149,1.1024
14,150,13.1198
14,152,7.3914
14,153,1.763
14,156,12.7854
14,157,4.0256
14,158,11.6305
14,159,12.3914
16,17,13.4264
16,20,2.9234
16,21,5.2826
16,22,6.0546
16,24,6.4587
16,25,12.5003
16,26,2.6693
16,27,13.5754
16,29,8.0175
16,30,5.6105
16,33,4.331
16,34,12.8172
16,35,1.277
16,38,1.5386
16,39,4.8951
16,40,1.576
16,42,5.1181
16,45,7.9574
16,46,4.6648
16,48,4.8381
16,49,6.9855
16,50,5.1218
16,51,12.503
16,53,4.3574
16,55,13.6676
16,56,3.35
16,57,1.2276
16,60,13.1197
16,61,4.6842
16,63,2.5748
16,67,3.9195
16,68,7.5972
16,69,10.9463
16,70,10.1245
16,71,2.6826
16,72,10.0737
16,73,6.731
16,75,5.6145
16,76,10.7692
16,77,2.3981
16,78,1.3053
16,79,3.4078
16,80,6.206
16,81,6.6166
16,84,8.8865
16,85,13.2901
16,86,10.3147
16,87,11.8802
16,88,11.4989
16,90,13.6757
16,93,11.8278
16,94,7.5849
16,95,2.7977
16,96,2.9718
16,98,10.1935
16,100,10.5262
16,102,10.9882
16,103,11.6357
16,104,7.1897
16,105,3.6438
16,107,6.8995
16,108,7.0531
16,110,12.7732
16,113,4.7697
16,114,9.0069
16,115,11.9473
16,116,8.7942
16,117,9.4087
16,120,5.5688
16,123,3.6502
16,129,7.9853
16,130,11.381
16,131,13.1706
16,132,4.8467
16,133,3.354
16,134,2.7856
16,137,4.7689
16,139,1.853
16,140,2.8208
16,141,13.0085
16,142,5.3965
16,143,12.1624
16,146,11.3533
16,147,9.3301
16,149,2.1067
16,150,8.9977
16,151,13.903
16,152,1.9346
16,155,1.3071
16,156,10.4475
16,158,7.3885
16,159,3.8467
17,26,9.9229
17,31,6.2049
17,34,9.791
17,50,5.5755
17,62,10.439
17,65,8.9057
17,78,10.193
17,83,9.9222
17,112,8.9644
17,116,13.6608
17,140,9.7673
18,19,11.233
18,22,12.4438
18,26,2.8508
18,27,10.0936
18,36,2.083
18,44,4.3948
18,48,12.0623
18,57,2.8032
18,66,2.1548
18,68,6.384
18,69,4.5152
18,82,3.9544
18,84,5.0884
18,87,3.7556
18,89,6.8059
18,95,7.0876
18,96,12.1608
18,98,2.3947
18,99,13.8255
18,108,4.5936
18,109,2.5885
18,113,6.5913
18,115,7.8632
18,116,13.2839
18,117,12.866
18,127,7.9056
18,131,2.1042
18,136,4.4001
18,137,1.3267
18,144,3.9118
18,147,1.5671
18,153,10.6784
18,158,4.3318
18,159,7.6156
19,20,9.9748
19,21,6.1465
19,22,9.7613
19,23,10.3885
19,28,9.5696
19,30,4.7782
19,32,9.7736
19,33,5.6345
19,34,12.2921
19,35,12.4565
19,42,2.8805
19,43,1.6045
19,45,6.9068
19,48,11.0278
19,50,6.0743
19,52,10.8609
19,54,11.3058
19,56,10.4887
19,58,2.4014
19,59,3.9302
19,60,7.9272
19,61,5.2315
19,62,4.8001
19,63,12.0808
19,64,7.1443
19,65,5.4268
19,66,10.8631
19,67,10.2135
19,71,11.0326
19,72,9.7198
19,73,13.7572
19,77,1.9183
19,78,4.4244
19,79,11.9275
19,80,2.5349
19,81,10.3329
19,84,6.2418
19,85,10.1029
19,86,2.6808
19,88,3.995
19,89,12.8421
19,90,5.1615
19,92,12.3464
19,95,3.4647
19,96,8.5927
19,98,9.8675
19,99,5.9611
19,102,9.6586
19,103,2.8213
19,105,10.3435
19,107,2.8828
19,108,7.6503
19,109,13.0001
19,113,10.9712
19,115,1.5202
19,117,6.3666
19,118,9.6071
19,119,2.2741
19,120,1.6475
19,121,4.7053
19,122,7.3361
19,123,7.5446
19,124,1.4904
19,125,2.9316
19,128,13.9167
19,130,8.6508
19,131,3.2323
19,132,7.7961
19,133,5.013
19,134,5.5589
19,135,11.8429
19,136,11.6466
19,137,6.6978
19,139,9.3914
19,142,4.2659
19,143,13.2169
19,144,10.4391
19,145,11.9762
19,146,5.3361
19,147,12.8985
19,148,4.6908
19,149,13.9651
19,150,12.5517
19,151,10.5181
19,153,2.7422
19,157,11.5006
19,159,3.561
20,26,3.5252
20,27,11.6453
20,28,12.9353
20,31,13.4982
20,32,4.506
20,34,7.1322
20,42,4.0471
20,55,9.0989
20,58,9.0209
20,62,11.1138
20,68,9.9271
20,74,11.1395
20,82,3.7393
20,92,8.4436
20,96,3.419
20,98,13.863
20,103,10.3624
20,106,7.4477
20,112,1.8551
20,114,7.623
20,116,1.9457
20,117,13.8541
20,121,6.3498
20,123,10.305
20,126,6.8755
20,127,7.1449
20,128,11.2425
20,132,7.3656
20,137,3.0569
20,139,7.3202
20,141,11.5007
20,143,11.8386
20,144,6.2852
20,145,4.1183
20,148,2.3188
20,152,10.0332
20,159,12.0029
21,23,6.1191
21,27,11.6134
21,28,9.8005
21,32,11.0886
21,40,2.9288
21,45,3.9542
21,47,12.4889
21,48,1.604
21,56,8.5958
21,62,2.9377
21,67,9.9299
21,72,8.5165
21,73,8.5574
21,77,9.1581
21,82,2.7871
21,83,11.3742
21,85,3.5747
21,86,7.1767
21,87,2.5281
21,95,12.6031
21,102,6.3452
21,111,1.2851
21,114,3.8948
21,116,8.2125
21,118,3.4072
21,120,6.5879
21,122,6.6621
21,126,1.6345
21,130,10.3801
21,131,4.7059
21,132,6.4265
21,139,10.871
21,141,6.528
21,144,3.7501
21,145,4.8896
21,148,9.5833
21,152,12.0965
22,30,1.959
22,43,2.64
22,44,13.3206
22,49,8.9246
22,68,1.1573
22,72,11.9279
22,79,2.563
22,124,1.0516
23,24,13.1677
23,26,8.9121
23,28,4.3261
23,29,4.5696
23,30,9.2699
23,34,9.1651
23,35,10.1064
23,36,4.2491
23,37,7.2943
23,39,12.2644
23,40,6.0011
23,41,5.5444
23,42,9.9946
23,43,10.5294
23,46,13.9469
23,47,10.4585
23,48,7.4782
23,49,8.114
23,53,11.9288
23,56,11.885
23,57,8.7895
23,58,8.4742
23,59,2.9971
23,60,13.6666
23,61,8.3542
23,63,3.8653
23,66,9.9972
23,67,5.1488
23,68,8.341
23,69,1.6825
23,70,1.4305
23,71,11.2407
23,72,12.543
23,75,4.819
23,77,5.701
23,78,10.69
23,81,8.233
23,83,6.315
23,84,12.4872
23,85,4.5394
23,87,11.1339
23,88,13.7888
23,89,6.6757
23,90,6.284
23,91,8.9787
23,92,7.9832
23,93,1.6228
23,94,7.5415
23,96,3.6924
23,97,10.9284
23,98,10.0353
23,101,9.451
23,102,7.8314
23,103,8.9634
23,104,7.0148
23,107,1.091
23,108,12.692
23,110,11.1668
23,111,9.6929
23,113,11.8935
23,115,4.3322
23,116,9.5343
23,119,5.1668
23,122,3.7611
23,123,4.6828
23,124,1.9532
23,125,6.7796
23,126,2.7129
23,127,13.7911
23,128,3.3149
23,129,12.275
23,130,1.558
23,131,2.4933
23,132,5.8785
23,133,9.7874
23,134,4.8796
23,137,6.8351
23,138,1.3001
23,139,11.0737
23,141,5.8061
23,142,2.9412
23,143,4.7422
23,144,4.092
23,145,3.9838
23,146,6.487
23,148,6.2382
23,152,3.0181
23,153,4.7991
23,154,10.8369
23,157,11.9332
23,158,5.1085
24,25,8.6126
24,29,2.8164
24,38,3.7597
24,39,5.9499
24,40,7.4016
24,41,6.2759
24,44,8.156
24,47,2.8869
24,49,10.7425
24,50,12.686
24,57,3.1696
24,59,5.8903
24,63,1.4369
24,68,5.9483
24,70,1.1659
24,79,12.8481
24,81,8.0384
24,85,6.4926
24,89,13.1288
24,96,13.2354
24,97,3.8019
24,98,9.954
24,105,8.9346
24,109,13.3964
24,115,4.3684
24,116,7.9866
24,120,4.9812
24,126,8.7437
24,130,12.9914
24,132,13.0199
24,140,3.9943
24,141,13.269
24,144,5.8345
24,147,7.688
24,151,4.0067
24,156,1.8593
25,26,8.4128
25,29,13.3295
25,34,8.8442
25,35,8.6145
25,39,11.4239
25,40,1.7942
25,49,1.6781
25,50,4.6172
25,54,6.8663
25,58,5.2295
25,60,5.8625
25,62,6.0787
25,63,11.1097
25,64,8.1398
25,66,13.7421
25,67,5.9606
25,75,3.3262
25,76,4.9644
25,77,7.5156
25,78,9.0594
25,80,8.4811
25,82,9.9342
25,83,7.2297
25,89,1.6864
25,91,6.518
25,96,8.0766
25,98,5.2326
25,100,13.4252
25,101,1.3842
25,102,13.0635
25,109,4.2533
25,110,7.6683
25,121,3.1047
25,124,3.7555
25,132,2.4669
25,133,2.8888
25,136,4.8264
25,137,6.0843
25,139,11.9417
25,141,6.9155
25,142,3.4965
25,144,9.1606
25,152,3.8108
26,28,7.963
26,30,10.1971
26,34,4.3957
26,35,7.0112
26,36,5.5705
26,41,1.8379
26,42,11.1887
26,48,8.1333
26,53,1.1014
26,54,10.8332
26,56,11.0673
26,57,13.0318
26,60,3.7774
26,61,9.8743
26,65,1.3301
26,69,2.0466
26,71,11.1665
26,72,5.7205
26,74,6.3437
26,78,13.5383
26,82,12.356
26,84,13.9123
26,90,10.838
26,92,9.7716
26,99,5.4956
26,103,6.104
26,110,8.6828
26,113,10.5051
26,114,2.9405
26,117,7.4912
26,125,9.1701
26,129,13.0108
26,133,5.2084
26,138,5.8298
26,139,4.803
26,142,3.8194
26,145,1.9079
26,149,13.8673
26,153,8.644
26,156,7.1817
27,29,7.101
27,35,6.3786
27,36,5.3745
27,38,9.6182
27,39,5.4621
27,45,3.9664
27,50,13.1098
27,52,13.353
27,54,10.8724
27,56,5.3124
27,59,7.9263
27,60,3.9974
27,66,10.3906
27,71,6.893
27,73,8.6092
27,75,2.5036
27,76,9.438
27,77,7.9483
27,78,13.3664
27,83,11.131
27,84,5.3154
27,87,8.0659
27,88,6.6829
27,91,5.2956
27,94,1.902
27,95,11.6209
27,97,4.2092
27,98,7.1115
27,101,9.5719
27,104,8.2389
27,110,6.5459
27,113,13.3339
27,114,2.9805
27,115,10.5648
27,123,2.4006
27,126,7.4512
27,131,4.3032
27,137,11.0953
27,139,4.5352
27,145,9.7021
27,146,12.1938
27,150,11.5197
27,151,4.8852
27,152,8.0274
27,153,2.47
27,154,8.2687
28,29,11.4161
28,31,2.8687
28,32,13.1405
28,33,13.6468
28,36,13.2515
28,38,3.6132
28,39,7.3731
28,40,12.959
28,42,7.1701
28,43,2.5399
28,44,8.514
28,45,13.0076
28,46,5.5022
28,48,11.9198
28,49,12.9
28,50,6.4006
28,52,5.8888
28,53,5.2466
28,54,6.2431
28,56,10.1033
28,58,5.3043
28,60,8.438
28,62,13.7328
28,63,8.1308
28,65,8.2047
28,66,3.7587
28,67,3.4278
28,70,12.2934
28,71,6.9364
28,73,12.6654
28,75,2.0447
28,78,8.6507
28,79,5.2985
28,80,5.8472
28,81,11.3673
28,83,1.0724
28,84,10.3889
28,85,2.008
28,88,10.4785
28,90,11.6968
28,91,1.7591
28,92,4.8606
28,93,6.3488
28,95,8.712
28,97,10.8146
28,98,10.6907
28,99,3.1373
28,100,1.3888
28,101,2.9687
28,102,4.6178
28,106,7.1546
28,108,1.985
28,109,10.8455
28,110,13.4006
28,113,13.0444
28,114,13.5497
28,117,7.9951
28,118,11.4958
28,119,4.6555
28,124,8.4302
28,125,5.5731
28,126,4.3604
28,128,12.0549
28,129,6.5932
28,130,5.9243
28,131,7.9182
28,133,6.6125
28,135,6.8798
28,136,2.5528
28,137,4.5971
28,138,12.5631
28,139,11.2985
28,142,8.5121
28,143,9.9092
28,144,2.3061
28,145,11.8122
28,146,11.8729
28,147,1.2292
28,148,9.3955
28,151,13.9898
28,152,5.9068
28,154,13.2331
28,156,13.1037
28,157,1.8949
28,158,13.7833
28,159,4.5693
29,42,2.7598
29,43,6.0819
29,48,8.8129
29,52,6.1581
29,56,10.1323
29,65,5.0417
29,70,11.2348
29,77,6.9515
29,78,4.1629
29,81,11.0959
29,85,7.0251
29,87,7.715
29,92,6.8931
29,96,12.5587
29,99,3.4574
29,103,9.3846
29,107,1.8824
29,109,5.3232
29,115,13.2453
29,121,10.8701
29,125,4.1348
29,126,11.7878
29,134,9.7179
29,140,12.262
29,142,13.3478
29,158,10.2478
29,159,8.6514
30,33,3.4041
30,35,11.7926
30,38,10.8067
30,39,10.1453
30,40,2.2171
30,41,6.3344
30,43,1.7095
30,44,13.5888
30,45,7.6089
30,46,8.6699
30,51,9.0844
30,60,12.2652
30,66,7.7771
30,71,13.355
30,75,10.7187
30,80,7.7376
30,83,1.4974
30,85,2.2417
30,86,9.738
30,89,11.9884
30,90,3.5228
30,91,4.52
30,92,4.4629
30,96,2.9462
30,97,7.9733
30,99,11.3108
30,100,2.6619
30,106,9.3685
30,107,4.955
30,108,1.5685
30,109,7.7308
30,110,8.3365
30,112,8.5295
30,113,4.2025
30,116,13.5
30,119,3.6351
30,123,10.582
30,127,10.6319
30,128,2.1331
30,132,10.5304
30,136,12.9082
30,142,4.8984
30,143,11.3966
30,144,9.9451
30,146,1.2268
30,148,5.6872
30,149,7.07
30,151,10.0227
30,154,1.9051
30,155,2.5538
30,157,6.7043
30,159,4.2867
31,34,7.4234
31,37,7.1092
31,38,4.5836
31,39,13.4217
31,41,4.7263
31,43,9.9585
31,46,6.6826
31,47,9.3005
31,48,10.6202
31,49,3.6064
31,50,13.7068
31,51,11.7859
31,53,13.5985
31,56,11.154
31,60,4.3718
31,61,11.2573
31,63,3.256
31,65,3.2652
31,67,8.6626
31,69,10.4216
31,70,4.5391
31,76,11.322
31,78,7.7905
31,79,6.2581
31,80,12.1524
31,81,4.9869
31,82,13.552
31,84,6.451
31,88,4.3646
31,90,8.3983
31,91,3.5937
31,97,11.4641
31,98,6.1182
31,99,1.9586
31,101,5.3724
31,104,13.9933
31,109,13.9926
31,110,12.5368
31,111,7.3042
31,112,9.1601
31,114,4.366
31,117,7.6913
31,118,9.4503
31,119,4.9988
31,121,12.368
31,122,3.0321
31,126,1.8458
31,127,12.0067
31,131,11.0397
31,133,7.1963
31,134,11.1695
31,142,6.6397
31,143,12.8591
31,145,13.0647
31,147,3.31
31,149,9.3312
31,150,11.2717
31,151,2.0663
31,153,7.49
31,156,2.8822
31,159,4.9268
32,42,9.4269
32,53,1.6688
32,68,7.002
32,93,13.6884
32,105,8.7913
32,115,10.6767
33,34,4.3257
33,35,8.9027
33,36,8.9317
33,37,6.2783
33,38,10.5683
33,39,6.661
33,40,11.2478
33,41,6.9406
33,42,9.9166
33,43,6.4853
33,44,2.0339
33,45,5.4436
33,46,1.0221
33,47,8.2917
33,48,12.226
33,50,12.9812
33,51,13.5989
33,52,8.1314
33,54,7.9389
33,55,1.8993
33,56,11.4076
33,59,2.2281
33,61,4.0529
33,62,6.1853
33,63,5.9118
33,64,13.0687
33,65,1.2648
33,66,3.3487
33,67,7.5807
33,68,7.9607
33,69,2.4158
33,71,4.9338
33,72,10.6003
33,75,12.3772
33,76,10.2853
33,77,1.3854
33,79,8.8468
33,80,1.206
33,81,1.2791
33,88,8.2392
33,89,8.4554
33,90,4.6631
33,91,9.9866
33,93,7.2623
33,94,10.979
33,95,7.8638
33,97,7.2427
33,98,1.0744
33,99,10.7976
33,101,7.9094
33,102,3.3681
33,104,2.2834
33,106,9.3298
33,107,12.8808
33,108,4.3889
33,109,8.368
33,111,5.8498
33,113,7.9459
33,114,8.3235
33,115,9.161
33,117,12.6101
33,121,6.9256
33,122,1.4546
33,123,9.8567
33,124,11.1724
33,128,6.574
33,129,1.0679
33,130,13.5589
33,131,4.562
33,132,6.2029
33,133,8.3958
33,134,1.4015
33,137,12.2802
33,138,4.3969
33,140,5.1317
33,144,8.714
33,145,12.1469
33,147,2.5195
33,148,4.0223
33,150,11.0925
33,151,6.2087
33,154,12.1603
33,155,8.0895
33,156,4.1717
33,157,3.3495
34,35,8.4872
34,37,11.8488
34,39,4.3526
34,40,4.2295
34,41,11.9441
34,42,11.8924
34,43,3.6501
34,45,6.5268
34,46,1.556
34,49,9.5797
34,50,13.2335
34,51,12.5674
34,52,1.4359
34,54,8.0638
34,55,5.3294
34,56,12.4077
34,57,8.3437
34,58,8.249
34,59,2.5675
34,60,4.4543
34,62,7.0063
34,64,2.2483
34,65,7.1396
34,67,7.5882
34,68,4.216
34,69,2.7113
34,70,13.704
34,72,13.0658
34,73,1.7491
34,74,7.8255
34,75,3.2211
34,76,7.5071
34,77,3.1656
34,78,7.5909
34,79,4.1051
34,81,2.2041
34,82,1.5113
34,83,1.7305
34,84,12.6986
34,87,1.2794
34,89,7.8012
34,90,6.7535
34,91,4.5177
34,93,3.6336
34,94,1.116
34,95,9.0456
34,96,9.1527
34,97,6.7231
34,98,4.5714
34,100,5.406
34,101,10.9697
34,102,13.6704
34,103,1.3844
34,104,7.932
34,105,8.1586
34,106,3.735
34,108,8.9132
34,109,9.0935
34,110,2.505
34,112,11.9815
34,114,11.0365
34,115,9.1765
34,116,12.7438
34,121,5.2811
34,122,13.8685
34,123,12.3177
34,125,6.3454
34,126,1.1168
34,127,9.2569
34,128,3.0963
34,129,7.6623
34,131,12.8905
34,133,2.8327
34,134,12.5187
34,135,2.1668
34,137,4.6758
34,138,10.8996
34,139,5.6613
34,140,7.5483
34,141,2.8141
34,142,6.3669
34,143,12.6903
34,145,9.3766
34,147,12.3564
34,148,10.0524
34,150,1.6772
34,151,4.2403
34,152,2.4792
34,153,13.93
34,154,1.3293
34,157,8.1464
34,158,4.7398
34,159,12.1437
35,36,3.711
35,39,4.6162
35,40,7.1172
35,42,9.9113
35,43,3.629
35,45,9.7321
35,46,12.4318
35,47,5.2762
35,48,5.7858
35,49,5.4869
35,50,8.6566
35,51,4.301
35,53,9.3749
35,54,8.4402
35,58,10.6358
35,59,7.5384
35,62,12.9542
35,70,4.0235
35,71,4.4953
35,74,8.6492
35,78,3.9722
35,80,8.8365
35,85,4.2476
35,87,2.6785
35,90,4.8527
35,92,1.7147
35,93,1.1262
35,97,3.1719
35,98,4.7777
35,99,13.4225
35,100,11.303
35,101,12.4081
35,105,4.1924
35,106,6.3626
35,107,8.2619
35,109,2.3942
35,110,9.6307
35,111,4.1939
35,112,12.8567
35,117,2.3427
35,118,1.4641
35,119,4.8699
35,120,11.4149
35,122,10.9599
35,123,1.4428
35,125,7.009
35,127,6.4067
35,128,10.6786
35,134,11.9621
35,135,13.8845
35,137,10.5539
35,138,10.5612
35,139,10.1863
35,141,4.6687
35,142,6.5107
35,143,11.7546
35,144,7.5508
35,149,2.5666
35,151,12.4782
35,154,9.6864
35,158,2.4104
36,39,10.2483
36,40,5.4139
36,46,1.4262
36,58,8.296
36,60,8.8034
36,68,11.5899
36,73,2.1852
36,92,11.4995
36,117,9.9448
36,120,8.0258
36,129,2.0575
36,130,8.8191
36,131,9.3534
36,136,3.5462
36,156,9.8728
37,38,7.3462
37,40,9.2749
37,41,11.4122
37,42,11.4388
37,43,4.8861
37,45,3.5157
37,46,13.0425
37,48,2.3854
37,49,12.7863
37,50,1.7782
37,53,4.5494
37,54,11.2717
37,55,10.8558
37,56,6.6394
37,60,11.9542
37,61,13.7578
37,62,6.4621
37,63,2.9633
37,64,6.0321
37,65,13.0897
37,66,3.5959
37,70,4.6889
37,71,1.0111
37,72,6.6951
37,74,7.5015
37,77,12.6059
37,80,3.9561
37,83,11.8705
37,84,12.0623
37,86,3.8651
37,87,3.7546
37,88,2.5115
37,91,12.5431
37,92,7.8474
37,94,12.9759
37,95,5.5112
37,99,5.0704
37,101,2.3762
37,102,13.562
37,103,10.6254
37,104,4.0137
37,105,10.9408
37,106,6.7639
37,108,4.0346
37,111,13.0272
37,112,3.4705
37,114,2.2452
37,115,10.6731
37,116,13.6901
37,117,11.4109
37,118,5.1282
37,119,1.2075
37,121,3.4059
37,122,13.3296
37,123,5.7654
37,124,4.77
37,125,6.0138
37,126,6.7232
37,127,13.606
37,128,13.0699
37,129,10.5041
37,131,5.2654
37,132,10.6757
37,135,2.8719
37,136,1.5067
37,137,13.2029
37,138,7.0891
37,139,5.5361
37,140,7.4609
37,142,9.4488
37,144,10.884
37,147,1.5467
37,149,8.4653
37,152,6.2379
37,155,5.2575
37,157,2.0723
37,159,6.2443
39,41,6.089
39,45,13.1156
39,46,5.2915
39,47,10.3841
39,49,11.7677
39,50,2.0198
39,53,5.5102
39,54,4.3719
39,55,13.2558
39,56,5.3646
39,57,7.3647
39,58,3.5037
39,59,8.1923
39,60,9.117
39,61,10.5855
39,63,8.1732
39,64,3.157
39,65,13.6811
39,69,7.7286
39,72,8.7
39,73,9.1592
39,74,3.8574
39,76,11.7196
39,77,12.0906
39,80,8.7027
39,82,4.4367
39,83,3.3905
39,84,3.6622
39,86,9.3743
39,87,3.6687
39,88,5.7914
39,92,10.8447
39,93,3.5868
39,94,6.7657
39,95,2.1645
39,97,8.355
39,98,6.3514
39,99,9.9226
39,100,11.965
39,101,12.5668
39,102,12.3817
39,103,4.1231
39,104,11.6494
39,105,10.1478
39,106,10.0827
39,107,1.1508
39,108,5.7706
39,109,13.4434
39,110,8.5444
39,111,10.4051
39,113,5.6386
39,115,7.3188
39,118,13.1993
39,121,11.2883
39,124,7.4326
39,126,5.6731
39,127,10.7185
39,128,10.1265
39,130,8.4459
39,131,6.8358
39,132,12.6882
39,133,12.1346
39,134,7.9578
39,135,11.9652
39,138,8.9698
39,139,4.7913
39,143,4.2822
39,144,4.5888
39,145,12.1569
39,146,2.0937
39,150,1.857
39,151,2.7693
39,154,12.2508
39,155,9.3845
39,156,7.5254
39,157,6.2766
39,158,1.4807
39,159,2.8367
40,41,10.4448
40,42,11.8827
40,44,9.4687
40,45,3.2076
40,47,13.135
40,49,13.2625
40,50,12.6038
40,51,9.0993
40,52,1.0806
40,55,10.6731
40,56,2.5012
40,58,12.8276
40,59,13.3649
40,60,10.3325
40,61,3.2755
40,62,6.2377
40,63,7.3146
40,64,8.8054
40,65,6.1415
40,66,12.7492
40,68,13.6367
40,69,6.6564
40,70,5.3889
40,71,5.1461
40,72,3.7361
40,74,7.6078
40,77,8.6402
40,78,4.8097
40,80,2.0169
40,81,4.0942
40,82,1.9079
40,84,9.0202
40,85,1.5351
40,86,1.6074
40,88,5.829
40,90,7.8964
40,91,5.7091
40,92,11.599
40,94,3.7132
40,96,5.4989
40,98,4.3862
40,99,7.5333
40,100,2.5849
40,101,5.8061
40,102,2.37
40,103,2.133
40,104,9.9832
40,106,3.264
40,107,1.4973
40,108,9.9175
40,111,2.0088
40,112,1.1142
40,113,11.1021
40,114,9.8442
40,117,6.549
40,120,7.5274
40,121,8.7106
40,122,3.3418
40,123,10.7556
40,124,9.418
40,125,4.1098
40,128,1.5994
40,129,11.8129
40,131,1.6489
40,132,1.0037
40,133,8.9329
40,134,7.6376
40,135,13.8376
40,139,13.0095
40,140,11.2612
40,141,1.6497
40,143,1.0925
40,144,2.1036
40,146,1.1601
40,147,8.2269
40,150,2.2346
40,151,3.5325
40,153,7.5178
40,155,5.6769
40,156,5.0141
40,157,13.7115
40,158,11.5148
40,159,11.3116
41,42,1.2354
41,44,7.1246
41,45,12.9353
41,47,2.0832
41,49,1.6293
41,52,10.0667
41,57,3.057
41,70,2.619
41,72,1.5204
41,74,12.4198
41,76,4.9832
41,77,6.0374
41,78,2.8082
41,86,9.2071
41,88,10.7765
41,90,7.6583
41,92,3.0937
41,93,5.7736
41,94,6.1503
41,96,12.3616
41,99,1.771
41,101,11.4761
41,106,11.9036
41,109,9.2006
41,110,3.9664
41,116,11.4828
41,120,5.6682
41,121,7.4639
41,122,6.3085
41,125,7.2311
41,127,8.8726
41,128,4.1132
41,136,3.7397
41,139,2.8888
41,140,3.0295
41,142,2.7339
41,147,7.2468
41,148,3.127
41,149,6.9182
41,152,13.1897
41,153,7.5215
41,157,12.327
41,159,6.8438
42,45,10.1005
42,50,8.4743
42,51,9.7709
42,55,3.3947
42,59,13.3851
42,61,12.3014
42,62,8.3296
42,64,1.9788
42,65,4.1681
42,68,8.9715
42,69,2.9582
42,72,5.3557
42,77,8.6937
42,79,3.8422
42,81,4.0304
42,82,13.6928
42,84,11.3283
42,86,1.2148
42,91,12.8185
42,92,3.7963
42,93,9.7042
42,94,11.7712
42,98,1.5631
42,100,11.1764
42,102,11.3653
42,103,10.7924
42,104,13.4534
42,108,13.7999
42,109,2.0429
42,110,2.2922
42,114,13.0326
42,115,6.13
42,116,7.0339
42,120,9.889
42,121,11.6578
42,122,3.3332
42,132,10.9721
42,134,4.4854
42,137,8.6678
42,138,3.8592
42,141,11.1729
42,145,2.8195
42,149,7.9501
42,151,12.0508
42,152,9.9297
43,44,11.7967
43,45,13.5908
43,47,4.0188
43,49,11.8457
43,51,9.1335
43,52,2.9513
43,54,6.163
43,55,13.6637
43,56,12.1351
43,58,2.7679
43,59,9.4721
43,60,5.7104
43,61,7.1952
43,62,6.2983
43,63,2.2446
43,65,10.0859
43,66,13.6928
43,67,4.3747
43,68,4.0035
43,69,7.8807
43,70,13.9172
43,72,1.0383
43,73,7.7353
43,76,9.5104
43,77,8.1907
43,78,5.3794
43,79,3.5021
43,80,6.5898
43,81,3.5699
43,82,5.0074
43,83,8.1072
43,84,3.0097
43,85,3.5232
43,86,2.6529
43,87,13.6362
43,89,5.6521
43,90,5.6435
43,91,1.3382
43,93,8.5974
43,94,5.6774
43,96,8.604
43,98,10.0976
43,101,6.967
43,103,11.7095
43,105,10.2744
43,106,4.2281
43,107,13.6629
43,109,12.0024
43,111,11.3152
43,112,1.5708
43,114,6.7228
43,115,4.2402
43,116,3.5896
43,117,10.4221
43,118,2.6834
43,119,9.2272
43,120,4.6668
43,121,13.3075
43,123,10.8703
43,124,4.5601
43,125,12.1041
43,126,12.7071
43,128,3.4775
43,129,2.8086
43,130,5.934
43,134,6.4983
43,135,5.0374
43,136,6.5479
43,137,11.1359
43,138,5.9575
43,139,6.3085
43,141,3.7163
43,142,3.5853
43,145,10.6577
43,147,13.9553
43,148,13.0655
43,149,3.4664
43,151,11.3554
43,153,6.7211
43,154,9.3728
43,155,8.8921
43,158,12.6659
43,159,2.962
44,53,13.5802
44,56,11.0982
44,57,9.578
44,58,12.3961
44,60,6.1697
44,68,5.4704
44,69,11.103
44,70,9.9927
44,71,9.158
44,79,6.183
44,80,5.848
44,82,2.8545
44,87,12.3585
44,88,1.2004
44,90,5.7184
44,96,10.5964
44,99,7.7718
44,105,8.939
44,107,2.8025
44,108,10.326
44,110,2.2403
44,113,3.9771
44,114,9.206
44,119,12.799
44,121,11.3316
44,123,4.2691
44,124,9.1615
44,129,4.6083
44,130,13.0613
44,133,3.0278
44,136,13.3267
44,137,7.3287
44,138,12.3046
44,140,4.4775
44,150,4.6896
44,154,1.1701
44,155,12.9442
44,157,4.0954
44,158,10.5141
45,47,8.804
45,48,9.1733
45,50,2.3607
45,51,9.0594
45,52,10.9174
45,54,1.4664
45,55,2.659
45,57,10.7661
45,58,12.1798
45,59,2.8395
45,62,7.176
45,63,6.7458
45,64,10.0638
45,65,9.2229
45,66,6.2941
45,67,10.8274
45,69,2.046
45,70,12.3299
45,71,2.743
45,73,8.2161
45,74,13.6101
45,75,12.0634
45,76,13.7443
45,77,13.0622
45,80,3.9753
45,82,5.5696
45,83,10.9676
45,84,7.4029
45,86,9.0937
45,87,3.8705
45,88,1.4768
45,89,13.6818
45,90,10.0293
45,91,3.9409
45,92,6.8851
45,94,13.1207
45,95,9.1012
45,96,10.6596
45,97,13.5825
45,99,6.2601
45,100,10.4661
45,102,9.028
45,106,5.1373
45,108,10.549
45,110,1.2778
45,112,2.1868
45,113,6.7293
45,115,1.7442
45,116,4.0604
45,117,8.2514
45,118,3.3797
45,121,10.9105
45,123,13.5086
45,124,8.1339
45,125,6.2066
45,126,10.6111
45,127,4.257
45,128,12.8681
45,129,13.4744
45,130,11.7463
45,131,8.6258
45,132,9.0204
45,133,13.7969
45,134,10.4365
45,136,7.0373
45,137,8.4667
45,138,4.9219
45,139,2.2033
45,140,4.5419
45,142,13.3854
45,143,4.8494
45,145,3.953
45,146,11.124
45,147,9.8621
45,148,5.7911
45,149,4.8626
45,154,2.91
45,155,11.6618
45,156,7.8662
45,157,8.9127
45,159,6.9367
48,49,8.2473
48,52,6.4706
48,53,11.7509
48,55,12.187
48,56,2.0907
48,57,7.7482
48,59,8.4117
48,61,7.2365
48,62,3.1479
48,63,5.3242
48,64,9.4299
48,65,2.0405
48,66,7.7393
48,67,4.6305
48,68,5.5703
48,69,1.7303
48,71,7.1849
48,72,12.6165
48,73,5.2235
48,74,6.1963
48,77,1.149
48,78,6.8093
48,79,6.886
48,80,12.1316
48,81,3.9916
48,82,12.8626
48,83,6.6055
48,84,1.7869
48,85,11.5374
48,86,2.9342
48,87,9.1241
48,88,11.4107
48,89,3.2523
48,92,8.0965
48,94,13.0792
48,95,9.3059
48,96,11.7719
48,97,2.0809
48,98,3.0889
48,100,8.616
48,101,2.074
48,102,4.6288
48,104,12.8048
48,105,6.9599
48,107,8.2384
48,113,6.8637
48,114,12.9707
48,115,12.4569
48,116,10.8935
48,117,6.6241
48,119,4.6374
48,121,7.2229
48,123,2.0714
48,125,4.192
48,126,4.9595
48,127,5.1849
48,129,4.4534
48,130,4.0507
48,132,6.5081
48,133,4.2638
48,134,7.3464
48,135,2.9784
48,136,6.9013
48,137,8.6163
48,139,5.1018
48,140,11.8497
48,141,2.1398
48,142,12.0897
48,144,7.7553
48,145,5.4556
48,146,10.6044
48,147,3.4779
48,151,2.5724
48,152,3.6921
48,154,7.259
48,155,7.5174
48,157,1.9961
48,158,11.778
48,159,2.6315
51,54,1.4259
51,61,2.6543
51,62,7.6212
51,68,5.923
51,70,8.0981
51,77,10.1145
51,87,3.5092
51,91,6.9752
51,94,6.1736
51,95,12.6439
51,98,11.3438
51,99,1.3401
51,101,8.6953
51,104,5.0635
51,106,9.8967
51,112,12.1307
51,130,11.8389
51,131,6.2182
51,144,13.9007
52,54,4.5505
52,56,9.51
52,57,13.3096
52,59,9.6095
52,60,8.4527
52,61,2.7742
52,62,7.4849
52,63,6.332
52,64,9.1719
52,65,3.483
52,67,7.2865
52,68,12.3725
52,69,3.0685
52,70,9.0086
52,71,1.2621
52,72,1.2418
52,73,11.6184
52,74,13.2583
52,75,1.0232
52,76,5.5705
52,78,1.2994
52,79,6.5449
52,80,7.3847
52,81,9.2549
52,83,13.7547
52,84,6.2485
52,85,3.8236
52,87,9.6502
52,88,12.4184
52,90,11.2192
52,94,3.1858
52,96,7.1058
52,97,3.7629
52,98,6.0761
52,99,7.6147
52,100,9.5567
52,101,3.9102
52,102,9.1057
52,103,3.5605
52,104,4.1639
52,105,13.4726
52,106,3.3194
52,107,5.7541
52,109,7.2967
52,111,3.0622
52,112,6.0539
52,113,8.3711
52,114,13.9667
52,115,6.3697
52,116,12.3111
52,117,12.857
52,119,4.2253
52,120,5.6432
52,121,9.7606
52,123,1.1485
52,126,8.9413
52,127,7.6592
52,128,3.7255
52,129,6.9777
52,130,9.1872
52,131,12.9038
52,135,10.1424
52,136,5.8081
52,137,13.5453
52,138,3.4453
52,139,3.0828
52,140,12.4957
52,142,10.5143
52,143,1.9285
52,144,11.0332
52,146,12.5462
52,147,7.9446
52,148,1.5738
52,150,13.0275
52,151,12.2316
52,152,1.7441
52,153,6.0818
52,154,7.6086
52,155,2.8544
52,156,8.3904
52,157,2.4675
52,158,3.1153
52,159,7.1056
54,57,4.9209
54,58,7.775
54,59,6.8015
54,60,12.9013
54,61,3.9522
54,63,10.0779
54,67,4.3629
54,69,6.0358
54,73,12.4193
54,74,4.4593
54,75,8.5422
54,76,9.0415
54,78,8.2054
54,79,4.3707
54,80,11.2142
54,81,2.4104
54,82,13.3203
54,83,12.7112
54,84,12.5153
54,85,10.9287
54,87,6.7816
54,89,2.1759
54,95,10.4347
54,96,6.3776
54,98,13.1546
54,99,7.6679
54,101,8.599
54,103,11.8761
54,104,9.3968
54,107,7.4462
54,114,5.0428
54,115,6.6728
54,118,11.7869
54,121,6.6548
54,122,11.3696
54,125,11.9276
54,126,12.5902
54,128,6.9865
54,129,6.567
54,131,3.3792
54,132,8.5628
54,137,5.8397
54,140,3.3399
54,144,2.8366
54,145,6.924
54,147,12.6875
54,149,1.6809
54,150,13.8638
54,151,10.2854
54,154,2.1306
54,155,2.9895
54,156,8.6197
55,57,2.716
55,58,5.5304
55,60,12.0283
55,61,4.4098
55,62,11.0246
55,64,5.6328
55,65,10.845
55,66,3.0229
55,68,7.9485
55,69,9.4622
55,70,8.3071
55,71,6.1576
55,72,6.592
55,73,11.3543
55,74,7.32
55,75,12.704
55,76,4.6704
55,78,5.1919
55,79,9.2971
55,82,12.8461
55,83,8.5125
55,85,7.6556
55,86,13.5839
55,87,3.0471
55,88,4.1538
55,89,2.6194
55,90,9.1829
55,93,13.5143
55,94,4.3406
55,95,10.6439
55,97,5.4923
55,99,11.1903
55,100,13.1546
55,101,2.4222
55,103,11.3418
55,104,8.1195
55,105,13.7734
55,108,1.1484
55,109,6.1224
55,110,13.0633
55,111,8.6416
55,112,10.9557
55,113,1.0057
55,114,1.6747
55,115,1.0119
55,116,13.107
55,117,12.318
55,118,9.2863
55,119,11.3197
55,121,9.9895
55,122,12.8314
55,123,4.9865
55,124,5.2418
55,125,2.0593
55,126,5.4625
55,127,5.2891
55,128,6.8491
55,129,3.5896
55,131,10.0557
55,132,10.3305
55,133,13.83
55,134,13.9438
55,135,5.8411
55,137,7.6094
55,138,4.2223
55,139,3.9032
55,140,11.0249
55,142,5.9095
55,144,11.1221
55,146,10.9652
55,147,13.5412
55,150,1.6571
55,151,6.1067
55,152,3.1654
55,154,2.5004
55,155,6.7171
55,156,2.3992
55,157,13.4775
56,57,11.341
56,59,1.7913
56,60,9.9189
56,61,8.2313
56,62,11.8946
56,63,2.1053
56,64,2.9144
56,65,6.2463
56,67,7.7872
56,69,11.2467
56,71,3.8357
56,72,7.8769
56,73,3.0065
56,76,9.9181
56,77,7.2706
56,78,5.7635
56,82,12.4202
56,83,3.3195
56,84,4.4354
56,88,3.2758
56,89,2.1514
56,90,3.6932
56,91,2.3015
56,93,11.7961
56,94,10.746
56,95,7.0802
56,96,10.6883
56,97,6.3674
56,98,6.6703
56,99,4.6337
56,100,11.3332
56,101,8.634
56,102,1.039
56,103,8.7916
56,106,13.2972
56,112,6.8407
56,113,3.7322
56,114,7.6252
56,115,1.6343
56,116,9.5984
56,117,6.2371
56,118,10.6663
56,119,11.525
56,120,13.4818
56,121,3.6088
56,122,10.1666
56,124,4.0955
56,127,4.1633
56,128,2.661
56,132,10.6888
56,133,3.9057
56,134,11.5047
56,135,9.8585
56,137,4.4686
56,138,4.6973
56,139,6.2698
56,142,8.2129
56,143,4.888
56,144,12.7144
56,145,1.8942
56,146,7.7144
56,147,5.1471
56,148,4.0857
56,149,11.2053
56,151,10.2956
56,154,6.4294
56,155,7.6557
56,157,9.1328
56,159,12.6601
57,61,5.2034
57,65,11.3288
57,66,6.3151
57,68,8.6899
57,69,8.1642
57,72,1.6157
57,74,6.2293
57,78,10.8232
57,81,2.0208
57,87,2.9399
57,89,11.3034
57,90,1.5799
57,91,6.2993
57,93,8.4273
57,95,6.6645
57,96,7.1081
57,98,1.0775
57,105,7.0245
57,111,4.027
57,114,7.6365
57,117,13.8645
57,120,4.8683
57,123,3.5489
57,124,4.209
57,128,8.7002
57,129,13.0934
57,131,2.8121
57,133,8.2734
57,134,7.5566
57,138,9.8676
57,142,11.9276
57,144,11.4267
57,157,8.2012
57,158,12.5406
58,59,12.2382
58,60,2.1695
58,61,5.0747
58,62,9.5021
58,63,11.982
58,64,3.5254
58,65,7.8408
58,66,9.3511
58,67,13.8038
58,68,11.7369
58,69,3.3176
58,71,8.3589
58,73,13.2289
58,75,7.823
58,76,4.7345
58,77,7.3425
58,78,1.1817
58,79,5.0009
58,80,8.3809
58,81,8.5835
58,83,8.0752
58,85,7.0517
58,87,1.9872
58,88,2.3404
58,89,10.6737
58,90,1.4679
58,91,7.7249
58,94,6.0644
58,95,13.1037
58,96,12.4856
58,97,11.8416
58,98,5.6883
58,99,5.4574
58,100,4.4729
58,102,6.2686
58,104,2.646
58,106,12.1901
58,107,3.3981
58,108,10.2803
58,109,12.3533
58,111,1.3242
58,112,4.0545
58,113,1.6464
58,114,9.9415
58,115,4.3835
58,116,10.2477
58,117,11.8511
58,118,8.6173
58,119,8.951
58,120,2.3473
58,123,5.5862
58,124,7.2946
58,125,5.0392
58,126,3.183
58,127,4.9836
58,129,1.0305
58,131,5.5453
58,133,9.9467
58,134,10.9343
58,136,6.1883
58,137,9.348
58,140,10.9002
58,141,8.1379
58,142,11.5868
58,143,1.4016
58,144,10.9797
58,145,1.2964
58,147,6.0219
58,148,2.0651
58,149,4.2782
58,150,4.5635
58,151,6.0633
58,153,12.96
58,154,13.0601
58,156,4.0402
58,157,7.601
58,158,5.7518
58,159,7.0108
59,60,7.7683
59,92,2.0287
59,107,8.2422
59,113,8.2654
59,115,7.6435
59,118,2.96
59,120,11.9352
61,63,10.6769
61,64,4.1088
61,65,13.3595
61,67,9.9253
61,71,13.9192
61,72,3.2706
61,74,1.6108
61,77,5.1886
61,79,11.1916
61,82,3.5386
61,87,8.1513
61,91,13.6579
61,92,2.2375
61,97,7.5117
61,104,6.2965
61,113,2.3471
61,114,4.1396
61,121,5.7627
61,122,5.9535
61,127,3.7275
61,135,11.6067
61,139,11.4409
61,141,13.8672
61,150,6.8559
61,158,5.6433
63,64,6.7516
63,69,4.8191
63,70,11.3927
63,74,9.1101
63,76,12.9061
63,91,4.7028
63,100,13.0613
63,104,9.0213
63,110,1.3938
63,113,8.3013
63,116,7.2093
63,117,13.3417
63,120,2.6314
63,123,4.8277
63,124,7.8382
63,131,10.555
63,136,7.8881
63,137,10.6964
63,138,8.6598
63,139,9.8195
63,143,8.9849
63,145,7.8294
63,147,1.8547
63,155,5.5828
63,159,1.6684
64,66,10.0505
64,67,5.7439
64,68,13.1247
64,69,11.7632
64,71,12.0425
64,72,13.3386
64,73,6.2409
64,75,9.233
64,76,10.6812
64,77,1.6525
64,81,10.6129
64,83,9.0508
64,84,12.1972
64,87,8.2987
64,88,11.5474
64,89,9.6377
64,90,13.5889
64,92,8.9618
64,95,3.9993
64,99,11.1085
64,100,8.5969
64,103,4.4546
64,104,6.251
64,106,10.2072
64,108,7.1571
64,110,1.7611
64,111,6.6846
64,112,10.8182
64,113,9.2383
64,114,12.2915
64,115,9.2276
64,118,4.0106
64,120,3.4121
64,121,11.1526
64,122,6.4767
64,123,3.9624
64,131,13.6911
64,133,9.3689
64,137,7.4272
64,138,6.3812
64,139,12.486
64,142,11.6145
64,143,10.602
64,144,7.6522
64,145,9.8561
64,149,2.3731
64,150,9.7193
64,154,11.5834
64,155,6.1571
64,159,2.7769
65,72,6.2456
65,84,9.3135
65,86,5.7684
65,120,13.3771
65,122,13.2851
65,125,13.3207
65,127,8.9656
65,148,8.8005
65,155,11.3235
66,67,13.4622
66,68,7.8025
66,69,6.5373
66,70,13.6005
66,71,6.6303
66,72,6.8388
66,74,9.9781
66,75,12.5891
66,76,6.8091
66,77,6.1115
66,78,10.6447
66,79,10.7632
66,80,4.7049
66,81,9.3348
66,83,9.3339
66,84,3.3669
66,85,13.7503
66,86,5.8894
66,87,7.2944
66,89,7.6856
66,90,4.5494
66,91,3.7643
66,92,7.4501
66,94,7.4458
66,95,9.686
66,96,6.7515
66,97,9.1718
66,98,11.301
66,100,9.964
66,101,2.9001
66,102,8.4204
66,103,6.7941
66,105,6.3935
66,106,4.3091
66,108,2.8775
66,109,11.6231
66,111,10.8306
66,112,8.9288
66,113,13.3266
66,114,8.7988
66,115,3.0482
66,116,3.0021
66,118,7.7656
66,119,6.6402
66,120,11.187
66,121,1.1971
66,124,2.2102
66,125,8.9462
66,126,13.1877
66,127,4.3084
66,128,12.5305
66,130,5.6881
66,131,3.1004
66,132,4.7699
66,133,1.1861
66,134,12.4624
66,135,3.6618
66,136,10.0676
66,137,9.4671
66,138,13.6875
66,140,1.5991
66,142,12.1792
66,143,1.5149
66,144,12.3139
66,145,2.3849
66,146,13.8896
66,147,8.5097
66,148,5.0142
66,150,7.206
66,151,9.5072
66,155,13.5295
66,157,11.2119
66,158,9.3471
66,159,11.3404
68,106,7.6318
68,131,2.5863
70,74,5.0553
70,75,2.297
70,76,9.4299
70,80,6.5549
70,84,9.5245
70,85,9.6216
70,86,8.0549
70,88,13.3153
70,90,13.7875
70,94,6.2858
70,105,2.3377
70,110,13.2414
70,117,8.2989
70,118,13.4358
70,121,11.7646
70,122,12.6324
70,126,1.9171
70,132,2.0861
70,145,6.5666
70,148,10.9313
70,150,4.8208
70,159,13.517
71,74,6.246
71,78,1.6936
71,79,11.8439
71,86,11.067
71,91,8.8857
71,92,7.0956
71,100,11.5579
71,106,8.8842
71,108,1.196
71,113,1.3051
71,117,12.0746
71,118,8.3779
71,119,5.78
71,127,2.3089
71,130,6.2717
71,132,10.424
71,141,13.7316
71,142,1.8445
71,148,6.1664
71,150,3.9598
71,152,1.3119
71,158,10.6962
73,74,3.2675
73,75,4.6879
73,76,1.0977
73,77,3.3997
73,78,11.2689
73,79,9.3128
73,80,12.6311
73,81,9.5467
73,82,1.9234
73,83,9.3913
73,84,9.3244
73,85,7.2628
73,86,11.2237
73,87,3.747
73,88,3.5451
73,89,13.9718
73,90,13.1026
73,91,7.0977
73,92,2.5163
73,93,9.9832
73,94,1.6122
73,95,9.0033
73,96,13.7763
73,97,13.9067
73,98,5.1481
73,99,6.6309
73,100,9.9536
73,101,1.2169
73,102,10.9363
73,103,12.6337
73,104,11.8838
73,105,1.3064
73,106,7.2142
73,107,10.7292
73,108,11.7538
73,109,2.9035
73,110,4.6062
73,111,11.4406
73,112,2.1333
73,113,13.6432
73,114,1.2402
73,115,11.5039
73,116,4.7451
73,117,7.6675
73,118,2.1987
73,119,1.4431
73,120,11.2006
73,121,7.0911
73,122,11.5038
73,123,1.7958
73,124,4.3585
73,125,4.3605
73,126,5.515
73,127,5.5463
73,128,13.4335
73,129,9.3231
73,130,10.9438
73,131,5.2648
73,132,4.2225
73,133,9.9976
73,134,9.5779
73,135,2.2775
73,136,12.0355
73,137,10.3222
73,138,1.7653
73,139,3.7068
73,140,10.9015
73,141,13.1825
73,142,1.4718
73,143,11.2731
73,144,8.2233
73,145,6.7321
73,146,3.9369
73,147,8.7098
73,148,10.5066
73,149,12.9176
73,150,4.5512
73,151,1.7928
73,152,4.298
73,153,6.9608
73,154,10.0752
73,155,1.9444
73,156,5.4542
73,157,8.1243
73,158,9.9137
73,159,13.3365
74,83,12.3692
74,95,7.9221
74,101,11.3016
74,103,10.7933
74,104,6.7322
74,111,12.2562
74,112,8.2786
74,129,8.3157
74,137,9.259
74,142,2.8205
74,157,8.7278
75,76,9.8985
75,77,6.643
75,78,8.5248
75,79,9.4889
75,80,5.4409
75,81,2.9264
75,83,4.8382
75,84,4.4908
75,85,12.7169
75,86,6.7798
75,87,11.0813
75,89,2.7642
75,90,4.9858
75,91,3.3013
75,92,11.6844
75,93,7.2319
75,94,11.3986
75,95,7.1094
75,96,2.2213
75,97,10.568
75,99,5.4687
75,100,3.4801
75,101,3.8859
75,102,9.9144
75,103,2.238
75,104,12.9209
75,105,10.9829
75,107,2.9105
75,108,13.9623
75,109,10.3114
75,110,13.1164
75,111,2.4991
75,112,4.6534
75,113,3.899
75,114,5.8267
75,115,5.1711
75,116,6.5228
75,117,11.7692
75,118,7.5574
75,119,9.1442
75,120,1.5879
75,121,13.586
75,123,12.3504
75,124,8.6898
75,127,7.6154
75,128,9.9204
75,129,8.2601
75,130,1.9158
75,131,8.1356
75,132,10.3723
75,133,4.1443
75,134,8.5508
75,135,13.3059
75,136,1.1576
75,137,11.3405
75,138,13.8252
75,139,6.573
75,140,10.3917
75,141,5.9854
75,142,11.347
75,143,11.5781
75,144,1.5809
75,145,13.78
75,146,12.4905
75,147,10.5385
75,148,12.542
75,149,4.1892
75,150,5.2699
75,151,12.3807
75,152,3.181
75,153,4.9495
75,154,5.4361
75,155,2.1325
75,156,1.7017
75,157,9.9353
75,158,1.1237
75,159,9.3279
78,81,6.6014
78,85,9.5134
78,86,6.7714
78,89,9.4105
78,90,12.392
78,92,6.2346
78,93,13.8541
78,94,6.5794
78,95,5.6484
78,96,9.6078
78,97,10.0611
78,98,8.7591
78,99,11.9858
78,101,13.0866
78,102,5.4459
78,103,1.3733
78,104,13.2527
78,105,5.3721
78,106,4.5213
78,107,9.2453
78,112,7.3538
78,114,8.4272
78,116,11.2045
78,117,11.0729
78,118,7.3018
78,119,12.0882
78,121,2.6728
78,122,1.0555
78,123,13.7671
78,124,10.1341
78,125,13.6272
78,126,10.8974
78,129,2.8524
78,130,10.258
78,133,3.5509
78,137,1.9716
78,139,7.0102
78,140,6.5624
78,145,8.8803
78,146,3.6434
78,147,13.926
78,150,1.8245
78,151,1.6161
78,152,4.8642
78,156,2.664
78,157,2.3978
78,158,13.3782
78,159,9.0557
80,81,9.3238
80,82,4.282
80,83,2.8765
80,84,7.3756
80,85,6.6304
80,86,11.2308
80,87,1.7939
80,88,7.1868
80,89,8.0377
80,90,4.988
80,91,8.9829
80,92,7.8315
80,93,6.8371
80,94,11.1542
80,95,12.5665
80,96,7.3856
80,97,2.8498
80,98,11.6691
80,99,1.5074
80,100,12.2872
80,101,12.611
80,102,2.5058
80,103,12.322
80,104,13.7943
80,105,11.4584
80,106,5.6917
80,107,1.8217
80,108,1.9172
80,109,12.8391
80,110,1.4474
80,111,1.2205
80,112,3.759
80,113,8.6158
80,114,8.2059
80,115,10.5986
80,116,8.9304
80,117,6.3313
80,118,11.5297
80,119,3.4073
80,120,11.0155
80,121,13.8774
80,122,7.461
80,123,12.7238
80,124,3.1749
80,125,10.2417
80,126,5.5282
80,127,6.0906
80,128,5.1146
80,129,9.817
80,130,12.115
80,131,6.3738
80,132,5.8214
80,133,11.6246
80,134,8.3538
80,135,3.6785
80,136,1.781
80,137,4.3172
80,138,3.0587
80,139,9.6467
80,140,4.2961
80,141,8.7073
80,142,12.4572
80,143,5.3831
80,144,1.8985
80,145,1.7164
80,146,5.1611
80,147,3.7459
80,148,4.4558
80,149,6.7861
80,150,4.0609
80,151,4.9639
80,152,8.467
80,153,11.6565
80,154,9.4351
80,155,1.5677
80,156,6.5029
80,157,6.7639
80,158,2.0543
80,159,9.6266
81,82,9.8832
81,83,10.1263
81,84,1.4868
81,85,11.6338
81,86,3.1217
81,87,7.1565
81,88,10.2947
81,89,2.5765
81,90,5.8223
81,91,7.775
81,92,1.6133
81,93,4.4292
81,94,12.301
81,95,6.3138
81,96,2.5529
81,97,7.4384
81,98,7.0778
81,99,1.369
81,100,9.0214
81,101,13.0825
81,102,3.4699
81,103,6.605
81,104,11.795
81,105,6.2865
81,106,5.8082
81,107,5.8726
81,108,4.6638
81,109,13.7719
81,110,10.8533
81,111,13.6469
81,112,10.3602
81,113,3.5592
81,114,4.4806
81,115,6.0531
81,116,12.9498
81,117,1.9726
81,118,3.5038
81,119,11.9579
81,120,3.7835
81,121,7.4037
81,122,6.7411
81,123,8.5318
81,124,2.0117
81,125,5.1763
81,126,7.5903
81,127,3.3365
81,128,1.445
81,129,10.993
81,130,13.0065
81,131,13.3518
81,132,6.8021
81,133,13.2241
81,134,13.7692
81,135,5.6318
81,136,6.8368
81,137,1.521
81,138,13.1788
81,139,5.0627
81,140,8.8423
81,141,2.7825
81,142,1.9226
81,143,8.8712
81,144,10.9462
81,145,3.4392
81,146,9.0278
81,147,8.6058
81,148,5.5554
81,149,11.6763
81,150,2.2811
81,151,12.8702
81,152,2.3877
81,153,5.4187
81,154,7.4729
81,155,6.7437
81,156,1.8411
81,157,5.6473
81,158,9.4856
81,159,2.3928
82,84,5.3491
82,85,2.5071
82,86,5.0712
82,87,13.3446
82,88,7.8717
82,89,7.7197
82,90,6.4341
82,91,1.8937
82,92,2.1111
82,93,13.2185
82,94,4.772
82,95,7.319
82,96,8.0387
82,97,9.8531
82,98,5.0325
82,99,5.4822
82,100,7.6082
82,101,3.7799
82,103,2.1405
82,104,7.2765
82,105,13.1408
82,106,10.4002
82,107,4.8485
82,108,7.9092
82,109,12.3249
82,110,5.5452
82,111,3.787
82,112,5.1101
82,113,7.0483
82,114,13.4501
82,115,8.1327
82,116,4.7397
82,117,11.5505
82,118,13.8322
82,119,6.3026
82,120,7.7227
82,121,10.992
82,122,3.1027
82,123,7.082
82,124,10.1617
82,125,12.7818
82,127,3.7397
82,128,3.6463
82,131,4.424
82,132,12.7037
82,133,8.9713
82,135,3.9111
82,138,9.6761
82,139,7.3712
82,140,13.907
82,141,1.9223
82,142,9.2797
82,143,13.862
82,144,6.4013
82,146,7.5779
82,147,9.8235
82,148,11.4649
82,149,7.0226
82,150,11.7931
82,151,11.4931
82,152,10.7272
82,153,3.1265
82,156,8.3603
82,157,3.4404
82,159,1.6154
83,86,1.1639
83,87,1.5285
83,89,5.8539
83,91,3.1241
83,95,3.5287
83,97,3.9685
83,99,8.2772
83,101,6.7703
83,102,11.2777
83,105,1.3359
83,109,8.7867
83,111,8.6424
83,112,11.0202
83,116,13.7456
83,117,1.7075
83,118,11.0523
83,120,12.9368
83,121,11.6333
83,122,12.9355
83,125,2.7793
83,129,11.7523
83,133,3.9111
83,139,13.0995
83,141,4.5094
83,143,6.8753
83,144,3.7046
83,145,3.154
83,147,2.2854
83,148,2.9165
83,149,13.2619
83,150,6.1188
83,151,1.7021
83,154,2.8718
83,158,4.8822
84,89,11.608
84,92,2.7271
84,95,11.8899
84,96,11.6388
84,97,9.7866
84,98,13.2708
84,102,7.6619
84,109,10.047
84,121,4.5285
84,124,8.4294
84,134,3.7723
84,136,9.8802
84,138,2.0829
84,144,3.3733
84,150,1.846
84,154,9.3448
84,156,12.0529
84,157,13.4324
85,86,6.4055
85,87,13.3192
85,90,12.0192
85,91,9.4477
85,92,1.9941
85,94,3.3763
85,96,3.5412
85,99,1.6801
85,100,8.1356
85,101,2.4725
85,105,13.9664
85,107,12.4943
85,109,7.6956
85,111,7.5681
85,112,2.8401
85,113,3.8142
85,114,9.8846
85,115,10.3778
85,118,13.9059
85,121,12.5674
85,122,10.5448
85,123,7.6141
85,124,13.788
85,127,8.2927
85,128,2.2595
85,129,1.6492
85,130,9.1175
85,131,1.7813
85,133,4.0571
85,135,1.2335
85,136,4.5382
85,137,4.3158
85,138,11.107
85,141,2.8339
85,145,9.3602
85,147,4.0606
85,149,7.526
85,152,1.5673
85,153,6.2075
85,154,12.996
85,156,7.9454
85,159,1.7061
86,87,3.3686
86,88,9.0934
86,89,6.0414
86,90,5.296
86,91,11.5922
86,92,11.8537
86,93,3.874
86,94,3.009
86,95,5.2925
86,96,3.6426
86,97,7.5843
86,98,3.4348
86,99,1.3187
86,100,1.5897
86,101,6.0197
86,102,5.9203
86,103,12.735
86,104,11.7502
86,105,2.891
86,106,5.8957
86,107,3.0874
86,108,10.302
86,109,4.1987
86,110,4.3413
86,111,5.7867
86,112,5.4393
86,113,12.4653
86,114,12.1297
86,115,13.6251
86,116,11.6536
86,117,1.0581
86,118,13.2628
86,119,12.9366
86,120,7.7232
86,121,5.9537
86,122,7.0501
86,123,8.598
86,124,6.2171
86,125,8.5509
86,126,11.9557
86,127,13.1236
86,128,7.0704
86,129,1.052
86,130,7.6172
86,131,2.6326
86,132,11.7758
86,133,5.462
86,134,4.3191
86,135,6.2809
86,136,1.2007
86,137,5.8521
86,138,6.8494
86,139,11.8864
86,140,7.2115
86,141,4.8819
86,142,11.6515
86,143,12.4782
86,144,4.4636
86,145,2.5724
86,146,10.4
86,147,5.0787
86,148,4.624
86,149,2.6285
86,150,6.3296
86,151,3.8059
86,152,5.1273
86,153,3.9373
86,154,3.9467
86,155,5.3469
86,156,4.507
86,157,9.0874
86,158,4.6459
86,159,2.2342
87,88,4.0014
87,89,6.189
87,90,3.9537
87,91,4.7419
87,92,2.3842
87,93,10.1096
87,94,11.1793
87,95,10.8531
87,96,7.4693
87,97,13.6054
87,98,1.5049
87,99,6.5243
87,100,5.3728
87,101,5.4018
87,102,7.8971
87,103,12.7418
87,104,8.1482
87,105,1.9369
87,106,9.5535
87,107,9.5602
87,108,6.1075
87,109,10.9555
87,110,10.422
87,111,12.6358
87,112,11.2403
87,114,9.4264
87,115,2.2114
87,116,12.3072
87,117,9.7417
87,118,12.25
87,119,6.8299
87,120,10.2962
87,121,1.6449
87,122,13.6498
87,123,13.0695
87,124,1.3728
87,125,4.4417
87,126,3.3806
87,127,10.9767
87,128,10.3528
87,129,12.3247
87,130,7.7968
87,131,1.369
87,132,8.3671
87,133,8.2786
87,134,5.537
87,135,4.8616
87,136,6.0262
87,137,6.2715
87,138,8.3909
87,139,7.9833
87,140,10.6983
87,141,9.7362
87,142,9.9984
87,143,9.6812
87,144,13.5543
87,145,6.3794
87,146,8.8699
87,147,13.3272
87,148,9.7865
87,149,9.6855
87,150,6.6067
87,151,1.3323
87,152,13.8929
87,153,9.7393
87,154,9.1195
87,155,5.4624
87,156,2.6035
87,157,5.0819
87,158,7.2404
87,159,12.5753
88,91,6.2495
88,93,3.4753
88,96,5.3958
88,100,13.2647
88,101,12.3601
88,102,9.8405
88,103,3.0469
88,106,7.6413
88,108,3.9285
88,111,12.3502
88,113,7.2804
88,118,4.8658
88,119,9.0103
88,124,8.9452
88,126,9.8512
88,128,8.1148
88,130,3.985
88,133,13.3284
88,134,12.6042
88,135,11.5361
88,136,1.7423
88,137,13.5986
88,139,3.6159
88,140,4.3384
88,141,5.6184
88,142,6.4143
88,144,6.399
88,145,4.1758
88,146,8.9468
88,147,12.9287
88,148,8.2722
88,151,2.2899
88,152,1.3483
88,156,13.0982
88,158,6.4662
88,159,4.3978
89,90,12.7916
89,91,9.1105
89,92,11.314
89,93,6.1563
89,94,12.0392
89,95,11.291
89,96,10.1813
89,97,4.7911
89,98,6.2296
89,99,11.314
89,100,13.5752
89,101,1.8777
89,102,7.5286
89,103,12.6409
89,104,2.9415
89,105,10.835
89,106,1.012
89,108,11.1868
89,109,8.6997
89,110,5.1662
89,111,6.5755
89,112,13.5157
89,113,7.0509
89,114,7.2791
89,115,2.1917
89,116,12.9371
89,117,9.5748
89,119,9.105
89,120,9.6695
89,121,12.8919
89,122,1.1972
89,123,11.3765
89,124,13.4842
89,125,6.568
89,126,8.63
89,127,5.3053
89,128,6.9968
89,129,11.6145
89,130,7.2246
89,131,5.3666
89,132,2.686
89,133,2.0419
89,134,7.3274
89,135,13.4206
89,136,3.0196
89,137,9.748
89,139,1.1275
89,140,6.0989
89,141,1.3227
89,142,6.6777
89,143,13.4268
89,144,5.9632
89,145,9.7733
89,146,5.0237
89,147,11.8236
89,148,4.0746
89,149,6.1851
89,150,11.7
89,151,10.2936
89,152,3.499
89,153,12.6181
89,154,10.1557
89,155,5.664
89,156,1.6307
89,157,2.4893
89,158,7.0649
89,159,2.6244
92,93,2.1202
92,97,8.0939
92,101,6.8226
92,102,8.1862
92,103,4.6622
92,106,2.4668
92,108,7.7541
92,109,3.7681
92,110,4.4705
92,112,3.6399
92,117,7.5189
92,119,9.2124
92,122,7.5337
92,124,4.9687
92,132,13.2289
92,133,5.2018
92,138,1.9142
92,140,1.0152
92,143,9.4995
92,144,2.6097
92,146,11.8598
92,147,6.7983
92,152,12.1876
92,158,3.0259
93,95,9.5781
93,117,2.5706
93,119,11.6771
93,136,2.2505
93,138,1.3966
93,144,12.4287
93,157,12.7493
95,96,12.228
95,97,10.5527
95,98,1.8785
95,100,7.1711
95,102,9.5954
95,103,2.2754
95,104,12.1526
95,105,4.285
95,106,9.2619
95,107,5.623
95,109,8.0894
95,110,12.7719
95,111,3.642
95,112,8.9172
95,113,6.1266
95,115,2.3498
95,116,8.7343
95,117,1.1975
95,118,5.5467
95,119,4.5287
95,120,10.1602
95,121,8.67
95,122,13.2445
95,123,12.7922
95,125,1.0999
95,127,4.9738
95,128,2.1275
95,129,2.3336
95,130,8.1777
95,131,1.2477
95,132,9.9272
95,134,7.4458
95,135,3.463
95,136,6.5252
95,137,13.6895
95,138,3.5908
95,139,1.4161
95,140,9.1795
95,141,5.7249
95,143,1.7172
95,144,10.1027
95,145,13.0704
95,146,10.9218
95,147,1.9794
95,149,3.5209
95,150,8.1773
95,151,1.5885
95,152,5.1368
95,153,3.8349
95,154,13.6216
95,156,10.1961
95,157,8.4666
95,158,4.7965
95,159,13.3583
96,97,2.5163
96,101,6.3079
96,102,13.0042
96,103,12.7026
96,104,7.4152
96,105,5.8599
96,106,2.7371
96,107,4.0991
96,109,8.8318
96,110,10.7808
96,111,1.2962
96,113,7.7619
96,114,12.8061
96,115,11.4386
96,116,12.6793
96,117,12.9732
96,118,8.1209
96,119,12.1847
96,120,12.7779
96,121,5.6143
96,123,5.3471
96,124,5.337
96,125,7.9445
96,126,4.9827
96,127,12.773
96,129,6.987
96,131,10.7798
96,132,5.4098
96,137,3.8292
96,138,4.2295
96,139,12.9729
96,140,11.4304
96,141,2.1419
96,142,1.9383
96,143,4.3771
96,144,12.9443
96,145,7.021
96,147,3.9829
96,148,10.3978
96,149,10.251
96,150,13.6561
96,151,6.6304
96,153,7.0229
96,154,3.8165
96,155,10.6584
96,156,13.2345
96,157,12.5504
96,158,11.0571
96,159,10.7984
98,105,1.5081
98,106,8.4808
98,107,5.9362
98,113,12.293
98,114,6.9536
98,116,10.4238
98,118,2.1961
98,121,11.1205
98,126,9.6882
98,129,12.0506
98,131,9.0901
98,135,8.3745
98,136,12.7956
98,142,7.4955
98,143,9.8521
98,145,5.7111
98,146,6.077
98,150,13.5941
98,154,8.0162
99,100,3.8324
99,102,5.0838
99,103,12.1185
99,104,11.9595
99,105,10.4278
99,106,8.9288
99,107,10.0568
99,108,11.1387
99,109,2.9319
99,110,6.0763
99,111,3.0611
99,112,10.5737
99,113,4.8093
99,114,1.8325
99,115,10.9034
99,116,7.8752
99,117,13.8882
99,118,4.592
99,119,2.111
99,121,6.7786
99,123,6.8147
99,124,4.3488
99,125,11.6114
99,126,2.3512
99,127,6.231
99,128,13.5042
99,129,4.9977
99,131,3.7871
99,133,1.8247
99,134,6.1796
99,135,1.959
99,136,8.162
99,137,4.5593
99,138,10.851
99,139,6.7444
99,140,12.8776
99,141,9.291
99,143,9.1493
99,145,8.7025
99,146,3.7836
99,147,8.8793
99,148,9.0183
99,150,12.8369
99,151,1.8392
99,152,6.1565
99,154,11.8652
99,155,1.3228
99,156,5.4004
99,157,8.9307
99,159,8.9684
101,102,13.3029
101,103,1.4125
101,104,13.725
101,105,11.4843
101,106,1.2608
101,107,9.5268
101,108,2.2122
101,109,8.6582
101,110,1.4481
101,111,10.5848
101,112,9.7053
101,113,9.5142
101,114,3.0739
101,115,4.1127
101,116,3.2346
101,117,9.0587
101,118,5.3483
101,119,4.6371
101,120,13.0857
101,121,2.4891
101,122,8.1669
101,123,2.013
101,124,11.0993
101,125,2.2057
101,126,11.9107
101,127,11.389
101,128,7.6761
101,129,8.0319
101,130,9.3882
101,131,5.5228
101,132,6.8815
101,133,10.9629
101,134,3.711
101,135,3.7713
101,136,11.2094
101,137,3.2771
101,138,13.5642
101,139,1.6651
101,140,12.3932
101,141,11.7768
101,142,3.5797
101,143,2.386
101,144,12.1333
101,145,12.4539
101,146,4.6841
101,147,3.2876
101,148,5.4545
101,149,4.0528
101,150,7.6578
101,151,7.0218
101,152,4.4795
101,153,13.8622
101,154,7.3296
101,155,10.4277
101,156,13.1458
101,157,12.8547
101,158,13.1053
101,159,9.9282
102,103,1.9188
102,104,10.0605
102,105,7.4475
102,106,6.138
102,107,6.2368
102,108,2.157
102,109,3.436
102,110,12.6664
102,111,10.2555
102,112,13.5094
102,113,2.4051
102,114,4.5065
102,115,9.5454
102,116,6.3356
102,117,9.8962
102,118,1.8639
102,119,8.3731
102,120,3.4089
102,121,13.3942
102,122,13.0713
102,123,5.0035
102,124,1.5871
102,125,6.3168
102,126,2.004
102,127,3.4251
102,128,5.1719
102,129,12.9449
102,130,5.9932
102,131,4.4293
102,132,4.4247
102,133,3.2361
102,134,12.8308
102,135,5.4306
102,136,12.8486
102,137,3.9569
102,138,1.6246
102,139,10.2726
102,140,10.4657
102,141,5.5667
102,142,6.6046
102,143,12.851
102,144,2.4552
102,145,6.499
102,146,7.797
102,147,3.3131
102,148,7.5048
102,149,9.6991
102,150,11.3356
102,151,3.8137
102,152,1.8119
102,153,7.662
102,154,5.4599
102,155,4.0727
102,156,3.8546
102,157,5.209
102,158,1.5214
102,159,12.4593
103,105,11.2953
103,107,1.1565
103,111,11.3746
103,112,4.2659
103,113,11.54
103,114,10.2507
103,119,13.9594
103,126,10.2734
103,134,9.5714
103,135,13.7859
103,136,4.6334
103,147,9.2175
103,151,11.728
103,157,3.3741
103,158,12.3753
104,105,6.9965
104,106,3.36
104,107,4.3578
104,108,10.2175
104,109,4.9914
104,110,12.4913
104,111,3.8783
104,112,10.1022
104,113,4.8618
104,114,8.0417
104,115,8.7869
104,116,7.4705
104,117,8.9802
104,118,9.3744
104,119,7.3159
104,120,8.1018
104,121,2.3532
104,122,12.647
104,123,1.3369
104,124,1.7969
104,125,5.4177
104,126,3.5444
104,127,1.4187
104,128,10.1225
104,129,13.389
104,130,7.899
104,131,11.0797
104,132,13.4588
104,133,9.621
104,134,8.5144
104,135,5.7021
104,136,11.6682
104,137,4.1317
104,138,11.2679
104,139,4.4292
104,140,5.4932
104,141,1.2661
104,142,12.3847
104,143,5.5538
104,144,5.5511
104,145,1.4225
104,146,10.2038
104,147,3.695
104,148,7.7583
104,149,4.9691
104,150,12.9461
104,151,4.2933
104,152,6.0752
104,153,9.9636
104,154,5.0345
104,155,7.4301
104,156,4.5328
104,157,3.6859
104,158,12.4788
104,159,4.347
105,106,2.0029
105,109,13.7646
105,110,4.5875
105,111,10.9291
105,112,10.7223
105,113,11.5405
105,115,4.6494
105,116,1.6846
105,117,1.3372
105,119,7.8122
105,121,7.8634
105,123,12.0284
105,124,8.3452
105,126,5.8296
105,127,11.5142
105,128,5.9193
105,129,6.0165
105,130,7.5877
105,131,12.4577
105,132,5.5991
105,134,12.815
105,136,9.092
105,138,10.405
105,141,8.6093
105,142,2.6909
105,143,8.5251
105,144,1.5699
105,145,6.7645
105,146,13.9385
105,147,9.0108
105,150,10.7354
105,152,5.5153
105,153,9.614
105,154,9.7453
105,155,3.2244
105,157,6.3958
105,159,4.5102
106,107,3.6542
106,108,11.1721
106,109,4.9547
106,110,9.0095
106,111,11.0985
106,112,1.1624
106,113,4.5647
106,114,4.6891
106,115,6.3944
106,116,9.6769
106,117,5.6719
106,118,11.8937
106,119,3.383
106,120,5.4354
106,121,6.6304
106,122,6.6975
106,123,2.9714
106,124,8.7708
106,125,2.0865
106,126,10.9389
106,127,7.1154
106,128,9.0066
106,129,12.4489
106,130,8.0002
106,131,12.0862
106,132,5.0167
106,133,10.3224
106,134,7.6231
106,135,2.5686
106,136,3.3191
106,137,12.3572
106,138,13.5851
106,139,5.8153
106,140,8.4879
106,141,4.1555
106,142,11.3497
106,143,7.1988
106,144,1.1222
106,145,2.6326
106,146,13.8678
106,147,7.9368
106,148,10.1315
106,149,3.2059
106,150,4.431
106,151,8.3253
106,152,8.6566
106,153,7.2254
106,154,1.7027
106,155,8.123
106,156,4.7794
106,157,6.353
106,158,3.6223
106,159,5.151
107,108,8.9434
107,109,1.7747
107,110,9.8238
107,111,12.7576
107,112,8.6155
107,113,1.8349
107,114,6.8709
107,115,1.5573
107,116,2.8701
107,117,1.3642
107,118,3.0826
107,119,7.4047
107,120,3.7832
107,121,8.7202
107,122,6.2367
107,123,5.3809
107,124,1.895
107,125,2.4833
107,126,12.7969
107,127,3.1758
107,128,13.6387
107,129,10.5821
107,130,5.3676
107,131,7.0729
107,132,8.7234
107,133,3.5483
107,134,1.405
107,135,4.2939
107,136,3.9872
107,137,7.0606
107,138,10.5633
107,139,5.383
107,140,13.0037
107,141,7.7833
107,142,12.7819
107,143,9.9333
107,144,3.0066
107,145,8.7809
107,146,2.28
107,147,3.2696
107,148,5.5915
107,149,10.8243
107,150,2.2173
107,151,12.3736
107,152,1.7485
107,153,2.4275
107,154,10.5501
107,155,8.0404
107,156,3.4433
107,157,3.6755
107,158,9.5458
107,159,3.8235
108,117,3.6959
108,118,1.2722
108,119,1.876
108,120,2.4898
108,121,12.3076
108,122,5.3493
108,124,2.2186
108,126,4.3397
108,128,4.589
108,129,10.5171
108,142,4.9549
108,155,1.9311
108,158,4.6807
111,112,4.8147
111,113,2.0558
111,114,10.3034
111,115,7.8071
111,116,2.9453
111,117,8.8437
111,118,5.2114
111,119,4.8963
111,120,10.3782
111,121,4.2453
111,122,12.5243
111,123,10.0796
111,124,11.7731
111,125,12.7664
111,126,11.135
111,127,8.9052
111,128,2.4009
111,129,8.3063
111,130,2.9082
111,131,1.1041
111,132,10.595
111,133,3.2918
111,134,2.6833
111,135,11.4419
111,136,13.7624
111,137,9.93
111,138,13.0332
111,139,10.4623
111,140,2.5216
111,141,6.6207
111,142,2.165
111,143,1.8302
111,144,4.0534
111,145,3.6327
111,146,9.0486
111,147,7.6842
111,148,12.1076
111,149,13.0386
111,150,6.7447
111,151,4.0045
111,152,3.3699
111,153,11.5439
111,154,9.4484
111,155,3.3917
111,156,10.0572
111,157,7.757
111,158,5.1555
111,159,3.2298
112,117,12.5938
112,119,13.556
112,127,12.7503
112,128,4.4977
112,130,7.8827
112,133,7.0067
112,138,10.1187
112,146,12.6723
112,148,4.6458
112,151,6.976
112,153,3.72
112,155,4.8906
112,157,5.3649
113,114,3.608
113,115,3.8181
113,130,10.0599
113,143,5.161
113,147,10.5111
113,155,4.4793
113,157,6.3908
113,158,10.6507
116,119,1.858
116,121,1.0471
116,122,11.9615
116,123,1.4762
116,124,11.9803
116,131,11.0474
116,145,2.2571
116,146,10.3733
117,118,10.1665
117,119,8.6418
117,120,5.0404
117,121,8.9932
117,122,12.613
117,123,5.6775
117,124,1.8381
117,125,5.0726
117,126,8.7907
117,127,9.6088
117,128,10.0555
117,129,10.8319
117,130,6.28
117,131,13.757
117,132,8.5757
117,133,5.6896
117,134,2.6391
117,135,13.1309
117,136,3.6815
117,137,13.0762
117,138,11.2727
117,139,2.5263
117,140,4.7252
117,141,2.5476
117,142,10.3982
117,143,12.7288
117,144,6.8021
117,145,2.4917
117,146,13.2709
117,147,12.0024
117,148,1.8288
117,149,11.8983
117,150,5.51
117,151,12.1691
117,152,4.4314
117,153,3.6603
117,154,2.0457
117,155,3.8239
117,156,2.9117
117,157,8.9564
117,158,3.5588
117,159,13.5848
118,119,13.4845
118,120,4.2531
118,121,11.9159
118,122,12.7824
118,123,11.9653
118,124,9.9348
118,125,8.7384
118,126,5.2945
118,127,5.9308
118,128,3.8627
118,129,9.6449
118,130,5.8197
118,131,8.8089
118,132,7.1922
118,133,13.1136
118,134,5.8148
118,135,11.9639
118,136,11.4419
118,137,11.4093
118,138,2.1092
118,139,10.0983
118,140,5.7616
118,141,5.1561
118,142,9.1584
118,143,8.2626
118,144,7.9058
118,145,12.497
118,146,11.0287
118,147,13.7674
118,148,7.4726
118,149,13.7416
118,150,1.1562
118,151,13.4913
118,152,10.619
118,153,9.7992
118,154,4.7406
118,155,8.6517
118,156,3.8713
118,157,9.1793
118,158,12.8555
118,159,3.9227
119,124,4.4097
119,128,12.8793
119,129,1.964
119,143,12.2963
119,147,12.9362
119,148,2.01
119,150,12.6616
120,121,5.497
120,122,6.6712
120,123,12.1977
120,124,11.4714
120,125,6.5695
120,126,9.8024
120,127,13.9448
120,128,13.1398
120,129,12.0408
120,130,2.2241
120,131,9.981
120,132,12.9168
120,133,4.886
120,134,8.6636
120,135,2.1465
120,136,12.8614
120,137,8.8162
120,138,9.4608
120,139,5.1776
120,140,6.8021
120,141,4.4502
120,142,7.6665
120,143,3.6762
120,144,5.5271
120,145,6.7323
120,146,10.5897
120,147,1.7034
120,148,1.4318
120,149,2.1055
120,150,10.7324
120,151,6.4501
120,152,2.7333
120,153,13.8837
120,154,10.7371
120,155,1.0337
120,156,7.8126
120,157,11.2746
120,158,7.6
120,159,10.2791
122,123,10.5072
122,124,8.263
122,125,6.9265
122,126,8.631
122,127,8.7679
122,128,11.5441
122,129,13.0136
122,130,2.3617
122,131,10.7084
122,132,13.5554
122,133,9.475
122,134,7.9987
122,135,3.7296
122,136,8.442
122,137,5.4049
122,138,5.2975
122,139,13.604
122,140,6.9223
122,141,5.6322
122,142,4.5164
122,144,2.9091
122,145,12.8966
122,146,12.5521
122,147,2.9028
122,148,13.0005
122,149,11.9925
122,150,12.1211
122,151,12.9196
122,152,8.9739
122,153,11.2986
122,154,7.6293
122,155,1.2428
122,156,5.6674
122,157,9.9499
122,158,7.6582
122,159,10.1014
123,124,7.2838
123,125,3.4702
123,126,6.8805
123,127,11.8014
123,128,10.0697
123,129,10.958
123,130,8.068
123,131,8.1981
123,132,1.0901
123,133,4.996
123,134,2.4567
123,135,10.3539
123,136,4.1026
123,137,13.8766
123,138,3.5165
123,139,13.4478
123,140,5.4035
123,141,1.6111
123,142,11.7505
123,143,11.3131
123,144,3.9812
123,145,11.3355
123,146,3.3109
123,147,13.912
123,148,10.018
123,149,1.4681
123,150,5.8986
123,151,7.68
123,152,5.5504
123,153,10.9027
123,154,7.9553
123,155,8.8803
123,156,7.6601
123,157,9.9063
123,158,4.8478
123,159,6.2068
125,126,8.7838
125,127,7.3008
125,128,10.9012
125,129,4.2841
125,130,8.9775
125,132,7.5741
125,133,12.5692
125,134,7.0087
125,135,3.895
125,136,4.2648
125,137,4.3663
125,140,11.079
125,141,11.5072
125,143,10.6949
125,144,3.4036
125,145,4.3807
125,146,7.7221
125,147,3.246
125,149,5.8342
125,150,2.5703
125,151,10.2468
125,152,9.4488
125,153,2.2119
125,154,5.7311
125,155,1.8168
125,156,6.5602
125,158,1.5901
125,159,8.9724
126,127,7.6799
126,128,3.9316
126,129,2.4014
126,130,2.0603
126,131,3.9068
126,132,13.402
126,133,2.6629
126,134,9.8193
126,135,5.3801
126,136,10.8287
126,137,12.1257
126,138,3.8829
126,139,7.3396
126,140,10.2532
126,141,6.7683
126,142,5.9055
126,143,9.0953
126,144,9.831
126,145,12.5013
126,146,9.1044
126,147,13.5493
126,148,4.7869
126,149,1.9038
126,150,7.5174
126,151,5.5963
126,152,2.1576
126,153,11.1659
126,154,12.1677
126,155,9.4381
126,156,12.4645
126,157,3.3474
126,158,2.3976
126,159,9.8748
127,128,3.0141
127,129,4.95
127,130,5.1457
127,131,7.4075
127,132,7.1764
127,133,4.4274
127,134,1.4272
127,135,6.6759
127,136,11.4261
127,137,10.3051
127,138,12.7695
127,139,1.7154
127,141,8.6177
127,142,4.3821
127,143,7.4348
127,144,10.2091
127,145,13.7587
127,146,13.9192
127,147,10.658
127,148,4.5587
127,149,13.0246
127,150,4.573
127,151,11.8105
127,152,6.422
127,153,6.6575
127,154,7.2165
127,155,6.8321
127,156,2.1258
127,157,1.6393
127,158,6.2426
127,159,5.456
130,131,9.9312
130,132,12.2866
130,133,13.0318
130,134,5.0669
130,135,4.3296
130,136,12.1088
130,137,4.8548
130,138,11.4047
130,139,7.3727
130,140,5.6718
130,141,12.2345
130,142,5.1622
130,143,13.1281
130,144,3.1444
130,145,7.7545
130,146,3.0319
130,147,8.4323
130,148,13.1092
130,149,4.0029
130,150,1.1249
130,151,5.3867
130,152,8.9758
130,153,3.0903
130,154,5.5621
130,155,1.7036
130,156,4.6227
130,157,3.1662
130,158,7.9637
130,159,8.891
133,134,2.5793
133,135,13.1434
133,136,3.7704
133,137,8.9994
133,138,13.7497
133,139,7.7624
133,140,8.6169
133,141,12.7838
133,142,13.3633
133,143,4.2869
133,144,7.1194
133,145,2.8665
133,146,3.1992
133,147,7.5988
133,148,11.5144
133,149,4.708
133,150,2.6331
133,151,2.7895
133,152,6.5981
133,153,11.0259
133,154,1.2603
133,155,2.499
133,156,10.9521
133,157,10.5692
133,158,8.5711
133,159,7.9623
138,139,3.2319
138,140,8.4484
138,141,5.6122
138,142,11.0544
138,143,8.0684
138,144,3.4212
138,145,8.1521
138,146,10.31
138,147,2.8324
138,148,5.2278
138,149,10.0833
138,150,13.4028
138,151,3.9647
138,152,2.8414
138,153,1.9296
138,154,2.4413
138,155,4.5319
138,156,9.9855
138,157,3.4683
138,158,10.5644
138,159,10.6997
139,140,8.1494
139,141,2.3093
139,142,13.0782
139,143,5.5788
139,144,10.7335
139,145,10.6428
139,146,4.589
139,147,13.9063
139,148,4.4552
139,149,6.4601
139,150,6.9435
139,151,12.3871
139,152,2.8652
139,153,6.6192
139,154,12.7425
139,155,12.8133
139,156,1.3537
139,157,11.3145
139,158,3.2805
139,159,7.6346
140,141,5.8526
140,142,12.7158
140,143,1.4046
140,144,1.3368
140,145,9.4803
140,146,7.3192
140,147,13.4059
140,148,6.1531
140,149,3.8923
140,150,8.5113
140,151,7.7226
140,152,12.7349
140,153,1.9417
140,154,2.8527
140,155,2.6933
140,156,4.3704
140,157,13.9989
140,158,5.2933
140,159,9.7233
141,142,7.8845
141,146,7.8461
141,148,11.8304
141,152,4.9296
141,153,6.503
143,144,6.1325
143,145,11.6119
143,146,13.8536
143,147,9.4043
143,148,4.5126
143,149,12.7126
143,150,4.0174
143,151,1.3961
143,152,9.1804
143,153,2.7317
143,154,4.896
143,155,1.6998
143,156,7.9656
143,157,2.5171
143,158,8.3175
143,159,10.4392
145,148,8.8576
145,151,8.7667
145,152,9.9873
145,154,8.0891
145,158,8.1559
146,147,11.7582
146,148,3.6535
146,149,7.0946
146,150,2.0149
146,151,7.5161
146,152,9.3364
146,153,2.1528
146,154,4.2472
146,155,5.7517
146,156,7.4726
146,157,12.9532
146,158,1.1039
146,159,2.9765
147,157,6.4531
147,158,13.2013
147,159,4.4224
149,150,11.1964
149,151,11.9063
149,152,4.5148
149,153,12.2414
149,154,8.2551
149,155,2.5208
149,156,4.8576
149,157,2.944
149,158,9.8051
149,159,13.1968
152,153,12.9625
152,154,12.8834
152,155,5.2096
152,156,6.2952
152,157,10.8412
152,158,12.4513
152,159,10.8444
153,154,8.788
153,155,13.0879
153,156,9.0232
153,157,13.3788
153,158,2.0976
153,159,7.0156
156,157,6.9443
156,158,7.009
156,159,6.8419
157,158,12.5791
157,159,10.2872
